{
  "run_name": "D_1_act",
  "head": "act",
  "test_regime": "D_1",
  "R": 2.6531279645419423,
  "R_star": 2.653138445625865,
  "R_over_R_star": 0.9999960495525818,
  "agreement": {
    "oracle": 0.9999109803921569,
    "plug_in": 0.9997854901960784,
    "prior_only": 0.5823933333333333,
    "MAP_sigma": 0.9997803921568628,
    "MLE_sigma": 0.9965407843137255,
    "secretary": 0.9816309803921569,
    "myopic": 0.5221317647058824
  },
  "trajectory_mean": null,
  "trajectory_std": null,
  "wall_model_forward_s": 1.6741116233170033
}