{
  "run_name": "D_1_act",
  "head": "act",
  "test_regime": "D_2",
  "R": 8.362532961252239,
  "R_star": 26.121706216384645,
  "R_over_R_star": 0.320137317676703,
  "agreement": {
    "oracle": 0.6527039215686274,
    "plug_in": 0.6524850980392157,
    "prior_only": 0.6876764705882353,
    "MAP_sigma": 0.6524858823529411,
    "MLE_sigma": 0.6519972549019608,
    "secretary": 0.6380203921568628,
    "myopic": 0.86742
  },
  "trajectory_mean": null,
  "trajectory_std": null,
  "wall_model_forward_s": 1.6459005903452635
}