{
  "run_name": "D_1_act",
  "head": "act",
  "test_regime": "D_3",
  "R": 70.83844173506755,
  "R_star": 262.88317366788937,
  "R_over_R_star": 0.26946738639332063,
  "agreement": {
    "oracle": 0.5302694117647059,
    "plug_in": 0.5298933333333333,
    "prior_only": 0.5308054901960785,
    "MAP_sigma": 0.5298968627450981,
    "MLE_sigma": 0.5293419607843137,
    "secretary": 0.5150192156862745,
    "myopic": 0.9768439215686274
  },
  "trajectory_mean": null,
  "trajectory_std": null,
  "wall_model_forward_s": 1.6533999405801296
}