{
  "run_name": "D_3_cv",
  "head": "cv",
  "test_regime": "D_1",
  "R": 0.04162075404875736,
  "R_star": 2.653138445625865,
  "R_over_R_star": 0.01568736607672171,
  "agreement": {
    "oracle": 0.9783145098039215,
    "plug_in": 0.9785074509803922,
    "prior_only": 0.581286274509804,
    "MAP_sigma": 0.9785133333333333,
    "MLE_sigma": 0.9788854901960784,
    "secretary": 0.9934266666666667,
    "myopic": 0.5004482352941176
  },
  "trajectory_mean": [
    262.03871891174316,
    262.032515625,
    261.9983549926758,
    261.9740543182373,
    262.1132526397705,
    261.99330360412597,
    261.85008860473636,
    262.01184564819334,
    261.96978248901365,
    261.9914857879639,
    261.88832878112794,
    261.86021048583984,
    261.75189670410157,
    261.66066473999024,
    261.84072510681153,
    261.76080619506837,
    262.00095568847655,
    261.82548119812014,
    261.834241708374,
    261.90613920288087,
    261.95017091674805,
    261.81246602172854,
    261.75543805847167,
    261.92521686706544,
    261.76368363342283,
    261.7681370574951,
    261.8311247192383,
    261.82859062805176,
    261.8447835845947,
    261.6701702972412,
    261.7666860778809,
    261.70163678894045,
    261.73028642578123,
    261.7973281097412,
    261.8506396057129,
    261.6790999938965,
    261.76668695373536,
    261.6982549682617,
    261.71683300476076,
    261.57283592529296,
    261.664134564209,
    261.80800696868897,
    261.8109652069092,
    261.60097443847656,
    261.7201784240723,
    261.6057972671509,
    261.62833341064453,
    261.5747404067993,
    261.6436919754028,
    261.6169534118652,
    261.54697932281493,
    261.7597751770019,
    261.62858543396,
    261.5487491928101,
    261.6741722381592,
    261.54026845703123,
    261.39421317749026,
    261.4671984024048,
    261.44427918243406,
    261.6034144897461,
    261.5546311355591,
    261.4080819519043,
    261.53452373962403,
    261.4667042160034,
    261.2538935577393,
    261.5331384994507,
    261.31221746673583,
    261.54151910247805,
    261.41946282958986,
    261.52305727844237,
    261.6862890167236,
    261.39957854614255,
    261.3835536895752,
    261.32503987731934,
    261.67299725799563,
    261.50202641296386,
    261.49144241485595,
    261.4813789596558,
    261.30859033813476,
    261.45582144927977,
    261.47799104156496,
    261.44021871185305,
    261.29553865356445,
    261.2992396438599,
    261.43732839660646,
    261.4181193725586,
    261.2942901702881,
    261.33184368743895,
    261.47590285186766,
    261.02981130065916,
    261.3376881744385,
    261.1754140411377,
    261.27510539245606,
    261.1387499038696,
    261.30476661682127,
    261.27572386169436,
    260.9641460647583,
    261.33111582489016,
    260.95096384277343,
    261.25733572387696,
    261.3496061645508,
    260.97664295654295,
    260.92832749481204,
    261.0730988220215,
    261.15456260528566,
    261.10844239349365,
    261.1902039642334,
    261.2061075149536,
    260.9957570602417,
    261.0859567337036,
    260.84783263092044,
    261.01485440673827,
    261.08395084075926,
    260.93971490478515,
    261.0156419906616,
    260.9262587631226,
    261.07317173919677,
    261.1511715621948,
    260.90189373931884,
    260.97716150360105,
    261.00631686096193,
    260.91677207946776,
    261.1336430343628,
    260.85713978881836,
    261.0447102233887,
    261.05478507385254,
    260.9633166305542,
    260.80673261566164,
    260.656693170166,
    260.84171684265135,
    260.76929091186526,
    260.6363381622314,
    260.88332245788575,
    260.7375625595093,
    261.01027844085695,
    260.61452647399904,
    260.7799894241333,
    260.77683049011233,
    260.74853845062256,
    260.78378992156985,
    260.71479498596193,
    260.9943243988037,
    260.7875005493164,
    260.85836104278565,
    260.8425621139526,
    260.96390890655516,
    260.5810080566406,
    260.80845834198,
    260.6514649658203,
    260.6997246231079,
    260.59376881866456,
    260.75500931091307,
    260.5652837142944,
    260.4156372436523,
    260.39660953826905,
    260.75479438934326,
    260.43506974639894,
    260.53658275299074,
    260.6974755386353,
    260.6139221633911,
    260.6239462432861,
    260.6075784957886,
    260.6712005996704,
    260.6137533477783,
    260.56448252868654,
    260.61201254730224,
    260.5098398071289,
    260.4126485839844,
    260.57237234191894,
    260.51583225860594,
    260.52638370666506,
    260.5950339416504,
    260.74907817230223,
    260.5419457962036,
    260.3708232940674,
    260.516334866333,
    260.63310816192626,
    260.43180402526855,
    260.4664299743652,
    260.441542427063,
    260.5049925369263,
    260.307763470459,
    260.48191824645994,
    260.6887686340332,
    260.28867385559084,
    260.3030937164307,
    260.2889123199463,
    260.3201922729492,
    260.22038025512694,
    260.3133250305176,
    260.196338999939,
    260.4087308364868,
    260.30680132446287,
    260.43514922180174,
    260.2350008071899,
    260.18147145843506,
    260.1130201751709,
    260.4050755203247,
    259.99743386230466,
    260.2074636444092,
    260.42881795043945,
    260.05021877746583,
    259.99409535369875,
    260.01320952453614,
    260.3499610946655,
    260.2194510543823,
    260.2232692901611,
    259.79165887756346,
    260.21059893341067,
    260.2598933731079,
    260.0308894485474,
    260.3216168991089,
    259.838796395874,
    259.9426286651611,
    259.92555882110594,
    259.9558924362183,
    260.184701852417,
    260.2604777282715,
    259.87901334381104,
    259.66432596435544,
    260.0877376998901,
    260.1647269668579,
    260.16584677124024,
    259.83591133728027,
    259.7282880630493,
    259.8230892440796,
    259.81992893218995,
    259.85408802490235,
    259.80366719360353,
    259.7884721405029,
    259.77811285705565,
    259.7128574707031,
    260.0252376434326,
    259.5300390792847,
    259.65200218048096,
    259.71022890625,
    259.5844360671997,
    259.4797689361572,
    258.9110713256836,
    259.48822495880125,
    259.89410456085204,
    259.8231063598633,
    259.44049231567385,
    259.53941140899656,
    259.41645468597414,
    259.6720223098755,
    258.94264488449096,
    259.1145738983154,
    259.4639941482544,
    259.5017581222534,
    259.02175108566286,
    258.72200544204713,
    258.82584379730224,
    256.3625123621464,
    252.39946062436104,
    260.1969569229126
  ],