{
  "run_name": "D_3_cv",
  "head": "cv",
  "test_regime": "D_2",
  "R": 1.3652973836919802,
  "R_star": 26.121706216384645,
  "R_over_R_star": 0.052266776617968684,
  "agreement": {
    "oracle": 0.9785411764705882,
    "plug_in": 0.9787482352941177,
    "prior_only": 0.9357035294117647,
    "MAP_sigma": 0.9787474509803922,
    "MLE_sigma": 0.9792407843137255,
    "secretary": 0.9912482352941177,
    "myopic": 0.5004156862745098
  },
  "trajectory_mean": [
    262.0460897644043,
    262.0267708282471,
    261.89420692749025,
    261.71308940429685,
    261.65670904541014,
    261.42909219970704,
    261.2411108215332,
    261.2761444671631,
    261.19364895629883,
    261.1383606048584,
    260.92599873962405,
    260.86889190673827,
    260.63661421813964,
    260.5293108276367,
    260.6072749938965,
    260.50393975219725,
    260.7511888214111,
    260.5183026977539,
    260.41919646911623,
    260.46793478393556,
    260.4662324951172,
    260.22197737426757,
    260.14749556274415,
    260.23525908355714,
    260.0403629180908,
    259.93766723022463,
    260.0042256317139,
    259.8971533859253,
    259.9210821289063,
    259.6710422866821,
    259.6622917053223,
    259.55352760772706,
    259.4638103164673,
    259.4296788909912,
    259.53639883575437,
    259.31954922180176,
    259.2503205596924,
    259.1386681015015,
    259.10891574554444,
    258.83985519866945,
    258.8758587097168,
    258.837414402771,
    258.84733343811035,
    258.50826762390136,
    258.69222522888185,
    258.4010586105347,
    258.41852552948,
    258.3514970062256,
    258.26244655609133,
    258.1349781707764,
    257.8735481048584,
    258.1491622116089,
    257.92470270690916,
    257.79129194641115,
    257.74027920227053,
    257.53597744140626,
    257.33256256866457,
    257.3372881317139,
    257.27613330230713,
    257.1779332839966,
    257.2203747329712,
    256.9667742874145,
    256.79535100860596,
    256.8359545654297,
    256.4580370666504,
    256.6594015396118,
    256.356430039978,
    256.4530551620483,
    256.2943940216064,
    256.09426376190186,
    256.3597116455078,
    255.9118108795166,
    255.96568431091308,
    255.66565081634522,
    256.0119019775391,
    255.80239942321776,
    255.5889216506958,
    255.52904140777588,
    255.261717048645,
    255.32180513153077,
    255.0631904083252,
    255.03881088104248,
    254.99118502655028,
    254.82276712036133,
    254.83283560028076,
    254.69253147735597,
    254.40848244934082,
    254.45378581695556,
    254.380758946228,
    253.72769219207763,
    254.02532282867432,
    253.79960897979737,
    253.87627689971924,
    253.52929470825194,
    253.59840621032714,
    253.44643428649903,
    253.05797988128663,
    253.3819946182251,
    252.87020895233155,
    253.05783210601805,
    252.9458662536621,
    252.46656001434326,
    252.50622103881835,
    252.4061047897339,
    252.34265587921143,
    251.95799480438234,
    252.22270299987792,
    252.25508243103027,
    251.91738141174315,
    251.70378811798096,
    251.4598360961914,
    251.52753673400878,
    251.35142032928468,
    251.3650645690918,
    251.18162278442384,
    251.03026028900146,
    250.73069527282715,
    250.8750052658081,
    250.55459348144532,
    250.57816667327882,
    250.47859783172606,
    250.3213281524658,
    250.4031906524658,
    250.07728440704346,
    249.91829505462647,
    249.74570424804688,
    249.54599945068358,
    249.3117476989746,
    249.19415074768065,
    249.0273931564331,
    248.9019036026001,
    249.06568787231444,
    248.92985479278565,
    248.59063507232665,
    248.96237014923096,
    248.38519152832032,
    248.67637801971435,
    248.19043704376222,
    247.86322645568848,
    248.03457399597167,
    247.6156823791504,
    247.86860607604982,
    247.59570179595949,
    247.54397711029054,
    247.41459196624757,
    247.47567617034912,
    247.0734124633789,
    246.91671924438478,
    246.56179651947022,
    246.7535151611328,
    246.8544595489502,
    246.47475805511473,
    246.2282679534912,
    245.49381230621339,
    245.606998097229,
    246.1162333251953,
    245.40072459259034,
    245.61522750091552,
    245.4918404205322,
    244.91456537628173,
    245.16502218017578,
    244.65386233520508,
    244.38429947509766,
    244.39794808044434,
    244.0286302642822,
    243.90503499603273,
    243.85325489196777,
    243.52909335021974,
    243.8470669570923,
    243.2344704559326,
    243.50982268218993,
    242.98732837982178,
    243.0297609390259,
    242.53000874786377,
    242.66459886779785,
    242.7140301361084,
    242.0459415008545,
    242.03194023895264,
    241.53378773803712,
    241.21893800201417,
    241.11515097045898,
    241.16705984191896,
    241.04267601470949,
    241.15278966217042,
    240.87831419677735,
    240.88965346984864,
    240.2729595123291,
    240.01732650146485,
    239.66100887908937,
    239.76129846496582,
    238.76404813079833,
    239.00074002838136,
    239.06223237609862,
    238.88210217132567,
    238.54551100006103,
    238.0341557357788,
    237.63791313934325,
    236.9999729248047,
    237.0774726852417,
    237.22215164031982,
    237.56052508087157,
    236.45282708892822,
    236.78332424163818,
    236.56333529663087,
    237.22355577697755,
    235.8166804107666,
    235.87706181030273,
    235.13172597961426,
    234.73286623687744,
    234.99562746887207,
    233.62816027374268,
    234.33371786499023,
    233.17774976501465,
    233.6565163345337,
    232.68990045318603,
    232.66225384521485,
    232.78617254943848,
    231.88348944396972,
    230.90706413269044,
    229.06632373199463,
    230.52619306793213,
    229.84464281311034,
    230.31018578796386,
    229.60999331207276,
    227.03735828552246,
    227.41492822113037,
    224.4969342285156,
    225.54271064453124,
    223.55265219573974,
    222.40280755233763,
    225.03711865081786,
    222.20005907592773,
    223.17704982147217,
    218.09798432769776,
    217.9343823623657,
    216.74807999801635,
    215.44002144546508,
    213.50595914535523,
    209.50033344955443,
    210.13498187179565,
    213.1399535850525,
    207.22514076919555,
    203.6494072631836,
    199.77731062240602,
    201.89256984786988,
    195.04521954345702,
    186.52856901931762,
    184.33695070457458,
    183.41065971031188,
    178.952016324234,
    165.08916379394532,
    148.21510838269592,
    131.67612868807316,
    87.0468968453288,
    22.146719551867246,
    239.46799174346924
  ],