{
  "run_name": "D_3_cv",
  "head": "cv",
  "test_regime": "D_3",
  "R": 262.78288721004543,
  "R_star": 262.88317366788937,
  "R_over_R_star": 0.9996185132108507,
  "agreement": {
    "oracle": 0.9998607843137255,
    "plug_in": 0.9981176470588236,
    "prior_only": 0.9973694117647058,
    "MAP_sigma": 0.9981141176470588,
    "MLE_sigma": 0.9958674509803922,
    "secretary": 0.9814003921568627,
    "myopic": 0.5218509803921568
  },
  "trajectory_mean": [
    261.9017361053467,
    261.79576547088624,
    261.76504159545897,
    261.60964969177246,
    261.53377496032715,
    261.36352337036135,
    261.2095160003662,
    261.197921421814,
    261.0447640762329,
    260.93588538665773,
    260.71129147338866,
    260.6309059967041,
    260.44420449371336,
    260.3141905273437,
    260.23671782226563,
    260.0631782089233,
    259.99049574737546,
    259.8492826889038,
    259.68246810302736,
    259.55800654296877,
    259.42773389587404,
    259.3121975540161,
    259.06590284881594,
    258.97893951263427,
    258.833926914978,
    258.68700064086914,
    258.51192404174805,
    258.367074659729,
    258.2395055328369,
    258.06255751800535,
    257.934191116333,
    257.77400378112793,
    257.63499472045896,
    257.48287761383057,
    257.3388495498657,
    257.173638873291,
    256.9892377685547,
    256.79925692596436,
    256.6621579360962,
    256.495010736084,
    256.3288958206177,
    256.1776573608398,
    256.0140172164917,
    255.84127539978027,
    255.6891963760376,
    255.51349852600097,
    255.33473014831543,
    255.18260014495849,
    254.98795014953615,
    254.85203246154785,
    254.65189742736817,
    254.49716062316895,
    254.3220543838501,
    254.1487059020996,
    253.99835434570312,
    253.8146935043335,
    253.63958023986817,
    253.45772232666016,
    253.28975290374757,
    253.10911339874266,
    252.91105908813478,
    252.74189119415283,
    252.53894488983155,
    252.36121857147216,
    252.16801815490723,
    251.9805034057617,
    251.7971857223511,
    251.6025389678955,
    251.4045561767578,
    251.20327328491211,
    250.99345697479248,
    250.81859942474364,
    250.607818069458,
    250.40426072540282,
    250.20439768218995,
    250.011169380188,
    249.80682580108643,
    249.60421717529297,
    249.40271465759278,
    249.17560192565918,
    248.99379474334717,
    248.78340822143554,
    248.57191933746338,
    248.34602404785156,
    248.15804788208007,
    247.93339213867188,
    247.7127525756836,
    247.50726667785645,
    247.27766384277345,
    247.06064396972656,
    246.84666293945313,
    246.61942922821044,
    246.4020691345215,
    246.16973230285643,
    245.96448071289063,
    245.7292006439209,
    245.5081918045044,
    245.2781116760254,
    245.05594400024415,
    244.81166337432862,
    244.58846194152832,
    244.34136873779298,
    244.11892345733642,
    243.8749894683838,
    243.63518379058837,
    243.39748060302733,
    243.15408426818848,
    242.91605451660158,
    242.67102888946533,
    242.41405585479737,
    242.16524990386964,
    241.91265615081787,
    241.65596415252685,
    241.41228460693358,
    241.1481564025879,
    240.88945505523682,
    240.6371495437622,
    240.387627003479,
    240.10377534790038,
    239.83818059387207,
    239.575080809021,
    239.29876744232178,
    239.0304480163574,
    238.7499857788086,
    238.48215709228515,
    238.21066796264648,
    237.93015277557373,
    237.66613524932862,
    237.37682543640136,
    237.10254550323486,
    236.82642660369874,
    236.5399292022705,
    236.25008952331544,
    235.9628267852783,
    235.67604996643067,
    235.3871936126709,
    235.08086736297608,
    234.7961400024414,
    234.48648386535643,
    234.16974237976075,
    233.8491841003418,
    233.519738873291,
    233.2157577545166,
    232.88301656951904,
    232.5480277923584,
    232.21658194274903,
    231.8889905319214,
    231.52772509155272,
    231.18613480682373,
    230.83503047332763,
    230.48941848449707,
    230.12321603546144,
    229.75500544433595,
    229.3983362121582,
    229.0160462234497,
    228.64454832305907,
    228.25212661437988,
    227.86463298950196,
    227.47064455566405,
    227.06852102203368,
    226.6617482650757,
    226.25025980377197,
    225.83916204833983,
    225.40958948669433,
    224.98908767089844,
    224.55737964019775,
    224.1092447845459,
    223.66886576080321,
    223.23308096618652,
    222.7640404800415,
    222.30595739746093,
    221.84081399688722,
    221.36788791809082,
    220.88859374542236,
    220.40357092285157,
    219.9039890853882,
    219.41221905212402,
    218.9010303329468,
    218.38848173065185,
    217.8575321472168,
    217.33233660278322,
    216.8047814819336,
    216.2680795059204,
    215.72130619049074,
    215.1670229019165,
    214.60070268707275,
    214.02603698883055,
    213.46221631317138,
    212.87228416137694,
    212.2859878753662,
    211.68552290802003,
    211.06904042510988,
    210.4503513961792,
    209.82217667236327,
    209.1795573699951,
    208.54667294769288,
    207.89908404693603,
    207.2322182144165,
    206.5416644592285,
    205.8386669189453,
    205.10066056823732,
    204.3700030014038,
    203.62009445343017,
    202.842375491333,
    202.03763527374267,
    201.2186870941162,
    200.37262571105958,
    199.50981039886474,
    198.62499902648926,
    197.71824641876222,
    196.78640293579102,
    195.82679256591797,
    194.84624750061036,
    193.83442798919677,
    192.79130271453857,
    191.73461333007813,
    190.64488079681396,
    189.52755863189697,
    188.37017128448485,
    187.19765243530273,
    185.9767836151123,
    184.72999675750734,
    183.45095280914308,
    182.13811442108155,
    180.79108511505126,
    179.38792727355957,
    177.9214999557495,
    176.37836574707032,
    174.76651804351806,
    173.06673076782226,
    171.29100883483886,
    169.41841494140624,
    167.45303595733643,
    165.3845834350586,
    163.2167576889038,
    160.95991134185792,
    158.5732286087036,
    156.06639258804321,
    153.44252249908448,
    150.61680642547608,
    147.53343472824096,
    144.18731708831788,
    140.53543931121825,
    136.56276019821166,
    132.2237162109375,
    127.49790180511475,
    122.21756725997925,
    116.13409531936645,
    109.10573366165161,
    101.00945054855346,
    91.20565933189393,
    78.92727071533203,
    62.841728633499145,
    40.00119077796936,
    0.03128128550648689,
    204.5847583984375
  ],