{
  "meta": {
    "horizons": [
      30,
      40
    ],
    "betas": [
      0.05,
      0.1,
      0.15,
      0.2,
      0.25,
      0.3,
      0.35
    ],
    "train_range": [
      20,
      50
    ],
    "n_eval": 1000,
    "n_eval_seeds": 5,
    "args": {
      "M": 1000,
      "n_eval": 1000,
      "n_eval_seeds": 5,
      "seed": 42,
      "device": "cuda",
      "horizons": [
        30,
        40
      ],
      "betas": [
        0.05,
        0.1,
        0.15,
        0.2,
        0.25,
        0.3,
        0.35
      ],
      "value_action_path": "../results/sweep/sweep_20260407_013555/models/stopping_value+action.pt",
      "equal_third_path": "../results/sweep/sweep_20260407_013555/models/stopping_equal_third.pt",
      "masked_dirs": [
        "../results/robust_stopping_p1",
        "../results/robust_stopping_p2",
        "../results/robust_stopping_p3"
      ],
      "out_dir": "../results/eval_horizon_p3"
    }
  },
  "dp": {
    "30": [
      0.9458966565349542,
      0.9423888863667317,
      0.9286266028116793,
      0.9635778790058339,
      0.9584726566713407
    ]
  },
  "value_action": {
    "30": {
      "cr_learned": [
        0.8396352583586626,
        0.867707813138421,
        0.8333737944428505,
        0.8760489091345002,
        0.8712328767123287
      ],
      "cr_dp": [
        0.9458966565349542,
        0.9423888863667317,
        0.9286266028116793,
        0.9635778790058339,
        0.9584726566713407
      ]
    }
  },
  "equal_third": {
    "30": {
      "cr_learned": [
        0.6317122593718338,
        0.6824578925863712,
        0.6711173887135574,
        0.6032725964996404,
        0.6421529500593248
      ],
      "cr_dp": [
        0.9458966565349542,
        0.9423888863667317,
        0.9286266028116793,
        0.9635778790058339,
        0.9584726566713407
      ],
      "cr_robust_0.05": [
        0.6790273556231002,
        0.7112407499886503,
        0.7318752620776413,
        0.6363182290417965,
        0.6723762269442347
      ],
      "cr_robust_0.10": [
        0.6790273556231002,
        0.7112407499886503,
        0.7318752620776413,
        0.6363182290417965,
        0.6723762269442347
      ],
      "cr_robust_0.15": [
        0.7093414387031408,
        0.7327370953829392,
        0.774800820992695,
        0.6815511867657635,
        0.6784597130838098
      ],
      "cr_robust_0.20": [
        0.7236474164133738,
        0.7883052617242475,
        0.7991436957913091,
        0.752277631263486,
        0.6827095243231582
      ],
      "cr_robust_0.25": [
        0.766241134751773,
        0.7785899123802605,
        0.830769570303017,
        0.8203668185087508,
        0.7107971092654514
      ],
      "cr_robust_0.30": [
        0.7362917933130699,
        0.8030371816407136,
        0.8402154002339389,
        0.8106369375849116,
        0.7849638658181426
      ],
      "cr_robust_0.35": [
        0.7321783181357648,
        0.8268715667135788,
        0.8371477124759993,
        0.7949732278430433,
        0.8111530579225542
      ]
    }
  },
  "masked": {
    "30": {
      "0.05": {
        "cr_learned": [
          0.45201621073961495,
          0.5589049802515095,
          0.6196067180154929,
          0.45368816430911846,
          0.5676626038183583
        ],
        "cr_dp": [
          0.9458966565349542,
          0.9423888863667317,
          0.9286266028116793,
          0.9635778790058339,
          0.9584726566713407
        ],
        "cr_robust_0.05": [
          0.46778115501519757,
          0.572252235892314,
          0.6068725033656287,
          0.4557460241348997,
          0.5698630136986301
        ]
      },
      "0.10": {
        "cr_learned": [
          0.43319148936170204,
          0.5733418077813591,
          0.5564873871686787,
          0.41934388236234316,
          0.5198791931830439
        ],
        "cr_dp": [
          0.9458966565349542,
          0.9423888863667317,
          0.9286266028116793,
          0.9635778790058339,
          0.9584726566713407
        ],
        "cr_robust_0.10": [
          0.4863829787234042,
          0.613882961819585,
          0.5599302597603232,
          0.4493926316630704,
          0.5436306763024484
        ]
      },
      "0.15": {
        "cr_learned": [
          0.5606079027355623,
          0.6053706814364189,
          0.6892807486040918,
          0.5457324382642051,
          0.5707690648258009
        ],
        "cr_dp": [
          0.9458966565349542,
          0.9423888863667317,
          0.9286266028116793,
          0.9635778790058339,
          0.9584726566713407
        ],
        "cr_robust_0.15": [
          0.6616616008105369,
          0.7284696054841785,
          0.7447639646002074,
          0.6381762966514825,
          0.6491856326178406
        ]
      },
      "0.20": {
        "cr_learned": [
          0.6261803444782167,
          0.6238934035501884,
          0.6625102072344464,
          0.5951810117477824,
          0.5947578470499407
        ],
        "cr_dp": [
          0.9458966565349542,
          0.9423888863667317,
          0.9286266028116793,
          0.9635778790058339,
          0.9584726566713407
        ],
        "cr_robust_0.20": [
          0.7089564336372847,
          0.7839469741680665,
          0.8087660832910332,
          0.7562534963637817,
          0.6791716103980153
        ]
      },
      "0.25": {
        "cr_learned": [
          0.6779736575481256,
          0.7897580242429746,
          0.7652005031890712,
          0.7145169024214817,
          0.6694854923956424
        ],
        "cr_dp": [
          0.9458966565349542,
          0.9423888863667317,
          0.9286266028116793,
          0.9635778790058339,
          0.9584726566713407
        ],
        "cr_robust_0.25": [
          0.7282674772036474,
          0.7899396195578154,
          0.8397298669197326,
          0.8268800447534564,
          0.7071944774026534
        ]
      },
      "0.30": {
        "cr_learned": [
          0.6764741641337385,
          0.7696917419530577,
          0.7614927942442232,
          0.7284424198833214,
          0.6959119836047891
        ],
        "cr_dp": [
          0.9458966565349542,
          0.9423888863667317,
          0.9286266028116793,
          0.9635778790058339,
          0.9584726566713407
        ],
        "cr_robust_0.30": [
          0.7377710233029382,
          0.8176556044854042,
          0.8360442276709851,
          0.8209661951570366,
          0.7778880379678568
        ]
      },
      "0.35": {
        "cr_learned": [
          0.6488145896656534,
          0.7222499659508784,
          0.7285868773586989,
          0.6340405977783106,
          0.604789127386474
        ],
        "cr_dp": [
          0.9458966565349542,
          0.9423888863667317,
          0.9286266028116793,
          0.9635778790058339,
          0.9584726566713407
        ],
        "cr_robust_0.35": [
          0.7485714285714284,
          0.8259181913106641,
          0.8415395819999559,
          0.8037441061296252,
          0.7992449573940243
        ]
      }
    }
  }
}