{
  "meta": {
    "horizons": [
      15,
      20
    ],
    "betas": [
      0.05,
      0.1,
      0.15,
      0.2,
      0.25,
      0.3,
      0.35
    ],
    "train_range": [
      20,
      50
    ],
    "n_eval": 1000,
    "n_eval_seeds": 5,
    "args": {
      "M": 1000,
      "n_eval": 1000,
      "n_eval_seeds": 5,
      "seed": 42,
      "device": "cuda",
      "horizons": [
        15,
        20
      ],
      "betas": [
        0.05,
        0.1,
        0.15,
        0.2,
        0.25,
        0.3,
        0.35
      ],
      "value_action_path": "../results/sweep/sweep_20260407_013555/models/stopping_value+action.pt",
      "equal_third_path": "../results/sweep/sweep_20260407_013555/models/stopping_equal_third.pt",
      "masked_dirs": [
        "../results/robust_stopping_p1",
        "../results/robust_stopping_p2",
        "../results/robust_stopping_p3"
      ],
      "out_dir": "../results/eval_horizon_p2"
    }
  },
  "dp": {
    "15": [
      0.9318747874172986,
      0.9516521556697786,
      0.9224121251209286,
      0.9120225387525116,
      0.9437878717794532
    ],
    "20": [
      0.930303183681733,
      0.9134752529359229,
      0.9249501499426921,
      0.9313611124072605,
      0.9450654648816624
    ]
  },
  "value_action": {
    "15": {
      "cr_learned": [
        0.818621696053368,
        0.870429035980279,
        0.8408771364076104,
        0.8319695592147356,
        0.8460150793283685
      ],
      "cr_dp": [
        0.9318747874172986,
        0.9516521556697786,
        0.9224121251209286,
        0.9120225387525116,
        0.9437878717794532
      ]
    },
    "20": {
      "cr_learned": [
        0.8506183462401512,
        0.8524907023554033,
        0.8111507120315271,
        0.861135737949699,
        0.8005272537150767
      ],
      "cr_dp": [
        0.930303183681733,
        0.9134752529359229,
        0.9249501499426921,
        0.9313611124072605,
        0.9450654648816624
      ]
    }
  },
  "equal_third": {
    "15": {
      "cr_learned": [
        0.5552715023973843,
        0.5538969894052239,
        0.569377620122541,
        0.5487198482450528,
        0.5511355751884917
      ],
      "cr_dp": [
        0.9318747874172986,
        0.9516521556697786,
        0.9224121251209286,
        0.9120225387525116,
        0.9437878717794532
      ],
      "cr_robust_0.05": [
        0.5831842968587134,
        0.5682471415084444,
        0.5755175749758142,
        0.5658147287604809,
        0.5893542717054443
      ],
      "cr_robust_0.10": [
        0.5831842968587134,
        0.5682471415084444,
        0.5755175749758142,
        0.5658147287604809,
        0.5893542717054443
      ],
      "cr_robust_0.15": [
        0.5831842968587134,
        0.5682471415084444,
        0.5755175749758142,
        0.5658147287604809,
        0.5893542717054443
      ],
      "cr_robust_0.20": [
        0.7135208084177265,
        0.6901185356131333,
        0.6884746855852951,
        0.6938186797768574,
        0.6777140478282992
      ],
      "cr_robust_0.25": [
        0.7135208084177265,
        0.6901185356131333,
        0.6884746855852951,
        0.6938186797768574,
        0.6777140478282992
      ],
      "cr_robust_0.30": [
        0.7380761676962071,
        0.7338508339452428,
        0.7137310544985488,
        0.7669798296124187,
        0.7441024099172024
      ],
      "cr_robust_0.35": [
        0.7150349458531288,
        0.7504667995384454,
        0.7386649467913576,
        0.7934359250653826,
        0.7779730792358573
      ]
    },
    "20": {
      "cr_learned": [
        0.5257377132155692,
        0.44180807528759375,
        0.477775509883657,
        0.4517754654472493,
        0.39558756388164773
      ],
      "cr_dp": [
        0.930303183681733,
        0.9134752529359229,
        0.9249501499426921,
        0.9313611124072605,
        0.9450654648816624
      ],
      "cr_robust_0.05": [
        0.5257377132155692,
        0.44180807528759375,
        0.477775509883657,
        0.4517754654472493,
        0.39558756388164773
      ],
      "cr_robust_0.10": [
        0.5257377132155692,
        0.44180807528759375,
        0.477775509883657,
        0.4517754654472493,
        0.39558756388164773
      ],
      "cr_robust_0.15": [
        0.7084408901486393,
        0.6765086178168197,
        0.6533576172457647,
        0.6655312397928235,
        0.6483306086982136
      ],
      "cr_robust_0.20": [
        0.7084408901486393,
        0.6765086178168197,
        0.6533576172457647,
        0.6655312397928235,
        0.6483306086982136
      ],
      "cr_robust_0.25": [
        0.770494845708694,
        0.717351604260254,
        0.7079964202163571,
        0.7063443920800085,
        0.7060634177233833
      ],
      "cr_robust_0.30": [
        0.776383054107405,
        0.7384795851717564,
        0.7510323279584243,
        0.7565053738354096,
        0.727521760261565
      ],
      "cr_robust_0.35": [
        0.8032933475055255,
        0.7610605313320625,
        0.785401391091363,
        0.7510148849797021,
        0.72205776226454
      ]
    }
  },
  "masked": {
    "15": {
      "0.05": {
        "cr_learned": [
          0.5265796951975511,
          0.49724116227840126,
          0.5459013221541438,
          0.5232739558429021,
          0.5189763633840603
        ],
        "cr_dp": [
          0.9318747874172986,
          0.9516521556697786,
          0.9224121251209286,
          0.9120225387525116,
          0.9437878717794532
        ],
        "cr_robust_0.05": [
          0.5265577511767482,
          0.49724116227840126,
          0.5454885520799742,
          0.5233188537562717,
          0.5189763633840603
        ]
      },
      "0.10": {
        "cr_learned": [
          0.5016403155550192,
          0.485492499737753,
          0.5492421799419542,
          0.5134413128149871,
          0.5025903140755816
        ],
        "cr_dp": [
          0.9318747874172986,
          0.9516521556697786,
          0.9224121251209286,
          0.9120225387525116,
          0.9437878717794532
        ],
        "cr_robust_0.10": [
          0.5079163055046577,
          0.485492499737753,
          0.5492421799419542,
          0.5092994803066527,
          0.5025903140755816
        ]
      },
      "0.15": {
        "cr_learned": [
          0.5374529575054038,
          0.5261722437847477,
          0.5986713963237664,
          0.5762759425755689,
          0.5717887043804061
        ],
        "cr_dp": [
          0.9318747874172986,
          0.9516521556697786,
          0.9224121251209286,
          0.9120225387525116,
          0.9437878717794532
        ],
        "cr_robust_0.15": [
          0.7020111695065888,
          0.5986468058323717,
          0.6669977426636569,
          0.6534554556576984,
          0.6774249502752209
        ]
      },
      "0.20": {
        "cr_learned": [
          0.5087172622639646,
          0.49673764816951643,
          0.5509835536923573,
          0.5263606873870537,
          0.534668578565151
        ],
        "cr_dp": [
          0.9318747874172986,
          0.9516521556697786,
          0.9224121251209286,
          0.9120225387525116,
          0.9437878717794532
        ],
        "cr_robust_0.20": [
          0.7277295618876247,
          0.6962551138151684,
          0.6746339890357949,
          0.6951656171779417,
          0.6773902585688515
        ]
      },
      "0.25": {
        "cr_learned": [
          0.6398218145510802,
          0.590087065981328,
          0.6494292163818123,
          0.629446296483371,
          0.6101692955270827
        ],
        "cr_dp": [
          0.9318747874172986,
          0.9516521556697786,
          0.9224121251209286,
          0.9120225387525116,
          0.9437878717794532
        ],