{
  "run_name": "D_logu_act",
  "head": "act",
  "test_regime": "D_1",
  "R": 2.5849675401558554,
  "R_star": 2.653138445625865,
  "R_over_R_star": 0.9743055604269727,
  "agreement": {
    "oracle": 0.9993850980392157,
    "plug_in": 0.9964458823529412,
    "prior_only": 0.5822788235294117,
    "MAP_sigma": 0.9993945098039215,
    "MLE_sigma": 0.9968843137254902,
    "secretary": 0.9842301960784313,
    "myopic": 0.5184494117647059
  },
  "trajectory_mean": null,
  "trajectory_std": null,
  "wall_model_forward_s": 1.6905550118535757
}