{
  "run_name": "D_logu_act",
  "head": "act",
  "test_regime": "D_2",
  "R": 25.498702369919897,
  "R_star": 26.121706216384645,
  "R_over_R_star": 0.9761499558526551,
  "agreement": {
    "oracle": 0.9997454901960784,
    "plug_in": 0.9964839215686274,
    "prior_only": 0.9423819607843137,
    "MAP_sigma": 0.997993725490196,
    "MLE_sigma": 0.999678431372549,
    "secretary": 0.9823964705882353,
    "myopic": 0.5210752941176471
  },
  "trajectory_mean": null,
  "trajectory_std": null,
  "wall_model_forward_s": 1.6571109686046839
}