{
  "run_name": "D_logu_act",
  "head": "act",
  "test_regime": "D_3",
  "R": 256.2473142147475,
  "R_star": 262.88317366788937,
  "R_over_R_star": 0.9747573822981718,
  "agreement": {
    "oracle": 0.9985270588235294,
    "plug_in": 0.9946411764705883,
    "prior_only": 0.9946921568627451,
    "MAP_sigma": 0.9968035294117648,
    "MLE_sigma": 0.9944607843137255,
    "secretary": 0.9783913725490196,
    "myopic": 0.526024705882353
  },
  "trajectory_mean": null,
  "trajectory_std": null,
  "wall_model_forward_s": 1.6842687763273716
}