{
  "meta": {
    "horizons": [
      5,
      10
    ],
    "betas": [
      0.05,
      0.1,
      0.15,
      0.2,
      0.25,
      0.3,
      0.35
    ],
    "train_range": [
      20,
      50
    ],
    "n_eval": 1000,
    "n_eval_seeds": 5,
    "args": {
      "M": 1000,
      "n_eval": 1000,
      "n_eval_seeds": 5,
      "seed": 42,
      "device": "cuda",
      "horizons": [
        5,
        10
      ],
      "betas": [
        0.05,
        0.1,
        0.15,
        0.2,
        0.25,
        0.3,
        0.35
      ],
      "value_action_path": "../results/sweep/sweep_20260407_013555/models/stopping_value+action.pt",
      "equal_third_path": "../results/sweep/sweep_20260407_013555/models/stopping_equal_third.pt",
      "masked_dirs": [
        "../results/robust_stopping_p1",
        "../results/robust_stopping_p2",
        "../results/robust_stopping_p3"
      ],
      "out_dir": "../results/eval_horizon_p1"
    }
  },
  "dp": {
    "5": [
      0.9355703461458741,
      0.9276236928037036,
      0.9248144205247769,
      0.9256999945088681,
      0.9240981255554658
    ],
    "10": [
      0.9466622576778407,
      0.9437004301653448,
      0.9352436099185675,
      0.9461128640969129,
      0.9113980057835438
    ]
  },
  "value_action": {
    "5": {
      "cr_learned": [
        0.8618917113838926,
        0.8503194220550481,
        0.8445805012693107,
        0.8355455938659064,
        0.8255130483962188
      ],
      "cr_dp": [
        0.9355703461458741,
        0.9276236928037036,
        0.9248144205247769,
        0.9256999945088681,
        0.9240981255554658
      ]
    },
    "10": {
      "cr_learned": [
        0.8712272144835284,
        0.8634056996908187,
        0.8479748827402869,
        0.8603469326272061,
        0.8344105051909676
      ],
      "cr_dp": [
        0.9466622576778407,
        0.9437004301653448,
        0.9352436099185675,
        0.9461128640969129,
        0.9113980057835438
      ]
    }
  },
  "equal_third": {
    "5": {
      "cr_learned": [
        0.5895396236843924,
        0.5685207383219205,
        0.6126507155828954,
        0.5486289642227802,
        0.5944796800517088
      ],
      "cr_dp": [
        0.9355703461458741,
        0.9276236928037036,
        0.9248144205247769,
        0.9256999945088681,
        0.9240981255554658
      ],
      "cr_robust_0.05": [
        0.5899679878399853,
        0.5686539265260383,
        0.6126507155828954,
        0.5487537626732826,
        0.5953987234386362
      ],
      "cr_robust_0.10": [
        0.5899679878399853,
        0.5686539265260383,
        0.6126507155828954,
        0.5487537626732826,
        0.5953987234386362
      ],
      "cr_robust_0.15": [
        0.5899679878399853,
        0.5686539265260383,
        0.6126507155828954,
        0.5487537626732826,
        0.5953987234386362
      ],
      "cr_robust_0.20": [
        0.5899679878399853,
        0.5686539265260383,
        0.6126507155828954,
        0.5487537626732826,
        0.5953987234386362
      ],
      "cr_robust_0.25": [
        0.5899679878399853,
        0.5686539265260383,
        0.6126507155828954,
        0.5487537626732826,
        0.5953987234386362
      ],
      "cr_robust_0.30": [
        0.5899679878399853,
        0.5686539265260383,
        0.6126507155828954,
        0.5487537626732826,
        0.5953987234386362
      ],
      "cr_robust_0.35": [
        0.7539070956449644,
        0.781011036250155,
        0.7401550148608095,
        0.761460241709639,
        0.7927456168700008
      ]
    },
    "10": {
      "cr_learned": [
        0.5309800355474724,
        0.549847089662589,
        0.5890027958993476,
        0.5394659647676281,
        0.5160074585591706
      ],
      "cr_dp": [
        0.9466622576778407,
        0.9437004301653448,
        0.9352436099185675,
        0.9461128640969129,
        0.9113980057835438
      ],
      "cr_robust_0.05": [
        0.5389658165585086,
        0.5504436080118296,
        0.589063908453394,
        0.5463078947785688,
        0.515952151446676
      ],
      "cr_robust_0.10": [
        0.5389658165585086,
        0.5504436080118296,
        0.589063908453394,
        0.5463078947785688,
        0.515952151446676
      ],
      "cr_robust_0.15": [
        0.5389658165585086,
        0.5504436080118296,
        0.589063908453394,
        0.5463078947785688,
        0.515952151446676
      ],
      "cr_robust_0.20": [
        0.5389658165585086,
        0.5504436080118296,
        0.589063908453394,
        0.5463078947785688,
        0.515952151446676
      ],
      "cr_robust_0.25": [
        0.7428264373992477,
        0.7597291302594434,
        0.7505309153132782,
        0.7706328190654383,
        0.7588451874911113
      ],
      "cr_robust_0.30": [
        0.7428264373992477,
        0.7597291302594434,
        0.7505309153132782,
        0.7706328190654383,
        0.7588451874911113
      ],
      "cr_robust_0.35": [
        0.7681395444963419,
        0.7695338755209034,
        0.7687195392113424,
        0.799118397894303,
        0.7884897997882528
      ]
    }
  },
  "masked": {
    "5": {
      "0.05": {
        "cr_learned": [
          0.5894152598972847,
          0.5682543619136848,
          0.610593806149533,
          0.5485740529045591,
          0.5915912579785084
        ],
        "cr_dp": [
          0.9355703461458741,
          0.9276236928037036,
          0.9248144205247769,
          0.9256999945088681,
          0.9240981255554658
        ],
        "cr_robust_0.05": [
          0.5894152598972847,
          0.5682543619136848,
          0.610593806149533,
          0.5485740529045591,
          0.5915912579785084
        ]
      },
      "0.10": {
        "cr_learned": [
          0.5894152598972847,
          0.5682543619136848,
          0.6141488393153912,
          0.5485740529045591,
          0.5915912579785084
        ],
        "cr_dp": [
          0.9355703461458741,
          0.9276236928037036,
          0.9248144205247769,
          0.9256999945088681,
          0.9240981255554658
        ],
        "cr_robust_0.10": [
          0.5894152598972847,
          0.5682543619136848,
          0.6141488393153912,
          0.5485740529045591,
          0.5915912579785084
        ]
      },
      "0.15": {
        "cr_learned": [
          0.6481103613458926,
          0.6296173824384464,
          0.6474881137610613,
          0.6277611657173664,
          0.6657459400500929
        ],
        "cr_dp": [
          0.9355703461458741,
          0.9276236928037036,
          0.9248144205247769,
          0.9256999945088681,
          0.9240981255554658
        ],
        "cr_robust_0.15": [
          0.6845950116303171,
          0.6619315963754439,
          0.699281767689662,
          0.6596796174178701,
          0.7043104144784681
        ]
      },
      "0.20": {
        "cr_learned": [
          0.6067985536952166,
          0.5846135475367071,
          0.616061235205426,
          0.5706334270153702,
          0.6103811505211278
        ],
        "cr_dp": [
          0.9355703461458741,
          0.9276236928037036,
          0.9248144205247769,
          0.9256999945088681,
          0.9240981255554658
        ],
        "cr_robust_0.20": [
          0.6060615831049493,
          0.5896701065964903,
          0.6205556064029134,
          0.5760147362010353,
          0.6154661872828634
        ]
      },
      "0.25": {
        "cr_learned": [
          0.6988369682872343,
          0.6733168914791698,
          0.711054804352748,
          0.6572535355401028,
          0.7090975195927931
        ],
        "cr_dp": [
          0.9355703461458741,
          0.9276236928037036,
          0.9248144205247769,
          0.9256999945088681,
          0.9240981255554658
        ],