{
  "run_name": "D_logu_cv",
  "head": "cv",
  "test_regime": "D_1",
  "R": 0.09547043079891568,
  "R_star": 2.653138445625865,
  "R_over_R_star": 0.03598396116731654,
  "agreement": {
    "oracle": 0.9950458823529412,
    "plug_in": 0.9924619607843137,
    "prior_only": 0.5814666666666667,
    "MAP_sigma": 0.9951690196078431,
    "MLE_sigma": 0.9932580392156862,
    "secretary": 0.9803325490196079,
    "myopic": 0.5187219607843138
  },
  "trajectory_mean": [
    -0.8125961250185967,
    11.4738642054677,
    6.020405023825169,
    4.602895212244987,
    4.073207233893871,
    3.8044622207641603,
    3.636345359313488,
    3.512065732717514,
    3.4277281459212303,
    3.3606328518629076,
    3.3059352104067803,
    3.2629971647262574,
    3.2228246490955352,
    3.1909037080168723,
    3.1591922124862672,
    3.1361429890275003,
    3.1096507756948473,
    3.099265911197662,
    3.0724704063773154,
    3.0628050148725507,
    3.047593816900253,
    3.0285760073661803,
    3.021076088917255,
    3.0021223829984667,
    2.9866130957126615,
    2.9792466465830802,
    2.9685736008763315,
    2.962567273914814,
    2.948936489844322,
    2.942790749800205,
    2.929482579660416,
    2.9205543772220612,
    2.915251660144329,
    2.9063940966844557,
    2.903053381204605,
    2.8928725063085556,
    2.8920640028238296,
    2.884389268422127,
    2.870386899459362,
    2.869800063097477,
    2.8600697627544402,
    2.861874065411091,
    2.8524322321534155,
    2.8523411648750305,
    2.8390367712259295,
    2.8364975872516633,
    2.8362795391321183,
    2.835868367111683,
    2.823993174660206,
    2.8150480090379717,
    2.817598505306244,
    2.81449948502779,
    2.803084086954594,
    2.797659107553959,
    2.7977876452207564,
    2.7830007609725,
    2.788462263596058,
    2.784769957602024,
    2.7774284638047217,
    2.7742872049808502,
    2.770187196803093,
    2.7685941504120826,
    2.7602131670475005,
    2.759691586959362,
    2.754921021127701,
    2.7514592504262922,
    2.749413050842285,
    2.7444104221582415,
    2.738593092644215,
    2.7360096763134,
    2.730803263258934,
    2.7294570745229723,
    2.7332798902511595,
    2.7227661264061926,
    2.717902722406387,
    2.71958459969759,
    2.71124958691597,
    2.715853598701954,
    2.7079795887470244,
    2.7073778030157087,
    2.7010836760878565,
    2.696904919719696,
    2.688822045123577,
    2.6922713434696197,
    2.686453057587147,
    2.674518698298931,
    2.6802275984048842,
    2.675865992975235,
    2.677413622701168,
    2.673699187195301,
    2.665448008799553,
    2.6631894043564794,
    2.6657358026146887,
    2.658838552391529,
    2.6459156923651697,
    2.653175081562996,
    2.6492010115861895,
    2.647362634420395,
    2.6448833618283274,
    2.6412808512449266,
    2.635089282500744,
    2.6346155148148536,
    2.6292914123177527,
    2.628420095014572,
    2.6228638137102127,
    2.6177229466199874,
    2.6176420902490616,
    2.6097488729000093,
    2.6025751398444177,
    2.606449097299576,
    2.6073651221990586,
    2.600771821510792,
    2.595401551377773,
    2.5947385478377343,
    2.5887956572294235,
    2.5866281099438666,
    2.5750802083015443,
    2.576258838582039,
    2.5792459238529206,
    2.5755082251787185,
    2.5668584815502165,
    2.564791307938099,
    2.5627923219442366,
    2.5652117372632026,
    2.551504832971096,
    2.549411228919029,
    2.543296763384342,
    2.543289659392834,
    2.5401269242048263,
    2.5329467242956163,
    2.533489286506176,
    2.53025330657959,
    2.523104002034664,
    2.524137958419323,
    2.5130503069519996,
    2.516229779112339,
    2.5131956130504607,
    2.513127586209774,
    2.5050907077789306,
    2.499599452674389,
    2.4922845155954363,
    2.493812858581543,
    2.487544513487816,
    2.4842801775336265,
    2.4792986007213593,
    2.474180481827259,
    2.473817153394222,
    2.4704425011634825,
    2.463867740368843,
    2.459416545701027,
    2.4518555299043654,
    2.4486020097851755,
    2.446566406583786,
    2.4457129758358,
    2.4362273118138313,
    2.4421732338547706,
    2.4268143320560456,
    2.425130213820934,
    2.4224581755161285,
    2.4218772842884064,
    2.419116091859341,
    2.4071425369262696,
    2.40389483833313,
    2.404712900352478,
    2.395047702372074,
    2.3862475551009177,
    2.382583776140213,
    2.377531236767769,
    2.3764260431289674,
    2.371407798922062,
    2.361645332598686,
    2.360041521143913,
    2.353691445159912,
    2.3494865320563316,
    2.3398758912205695,
    2.3420415903687477,
    2.3311265432238577,
    2.3316946568131445,
    2.332554646945,
    2.314352320408821,
    2.3166141164779663,
    2.310047366631031,
    2.3045346643447875,
    2.2918773945450783,
    2.2896634321808813,
    2.282266185629368,
    2.2826105075597765,
    2.279471950280666,
    2.2641197270512583,
    2.2591144030213357,
    2.2559199089050295,
    2.2471992062449457,
    2.241075787806511,
    2.2335797141075133,
    2.2295206904411318,
    2.220095608139038,
    2.215794139790535,
    2.208632595396042,
    2.2039235298871995,
    2.191671126794815,
    2.182703575825691,
    2.173103907597065,
    2.172097011089325,
    2.163951288485527,
    2.148051445603371,
    2.1406454493641855,
    2.1328702729940416,
    2.123548555588722,
    2.115963052940369,
    2.106502241694927,
    2.0956754551768304,
    2.086721148824692,
    2.0727734530329704,
    2.0759423337101937,
    2.053673745214939,
    2.044836132645607,
    2.0330992107868195,
    2.020084533953667,
    2.012368537414074,
    1.9919426226735115,
    1.9849198883295058,
    1.9713827655911447,
    1.9578326741814613,
    1.948439439690113,
    1.9289580705165863,
    1.9175757450819015,
    1.8989261204957961,
    1.8942532182335854,
    1.8723458673357964,
    1.8507600226163865,
    1.8294339771032333,
    1.8148575194120407,
    1.7943685492634773,
    1.772192955160141,
    1.7464187327980996,
    1.728339206111431,
    1.7005411352157593,
    1.678002592420578,
    1.6438812285065652,
    1.6156545940041542,
    1.5851200759291648,
    1.5506177869558335,
    1.5164353454232216,
    1.4776061853766442,
    1.4300703215360642,
    1.3784446279048919,
    1.3269262368798256,
    1.2587318338036537,
    1.1858092487096787,
    1.1067647270202636,
    0.998123086643219,
    0.8737134969949722,
    0.7061185361742973,
    0.46709384241104124,
    0.049754419541358945,
    1.029660344684124
  ],