{
  "run_name": "D_logu_cv",
  "head": "cv",
  "test_regime": "D_2",
  "R": 2.369919276096306,
  "R_star": 26.121706216384645,
  "R_over_R_star": 0.09072605198391642,
  "agreement": {
    "oracle": 0.9962619607843137,
    "plug_in": 0.9929517647058823,
    "prior_only": 0.9388694117647058,
    "MAP_sigma": 0.9944396078431372,
    "MLE_sigma": 0.9961454901960785,
    "secretary": 0.9788611764705882,
    "myopic": 0.5210325490196078
  },
  "trajectory_mean": [
    0.5630843108773231,
    35.20855851014853,
    32.86382692738771,
    30.957196268975736,
    29.683642702484132,
    28.787335894727708,
    28.252468855702876,
    27.847206414318084,
    27.562763272702693,
    27.307155463933945,
    27.11784769425392,
    26.977772491168977,
    26.842012377667427,
    26.7440502959013,
    26.667282757616043,
    26.573843973577024,
    26.523993260741232,
    26.461960075879098,
    26.39821037133932,
    26.375403477835654,
    26.32865968259573,
    26.291877356624603,
    26.254396666896344,
    26.217841479730605,
    26.173368940472603,
    26.146641517734526,
    26.104905913364888,
    26.079862527358532,
    26.05270754855871,
    26.022308488583565,
    26.00062658817768,
    25.966921050822734,
    25.950941462910176,
    25.91359355471134,
    25.897989515566827,
    25.858239646291732,
    25.832596940279007,
    25.835490983593463,
    25.801314954411982,
    25.780239289569856,
    25.75774329409599,
    25.733760326743127,
    25.723913870465754,
    25.70273523557186,
    25.689194911384583,
    25.672419923257827,
    25.648607565522195,
    25.629480720794202,
    25.611247202026846,
    25.58671755825281,
    25.570474731862546,
    25.53976201314926,
    25.530009398031236,
    25.501040650045873,
    25.483763153636456,
    25.462150704419614,
    25.462108510124683,
    25.451975485813616,
    25.427597900676727,
    25.398296744644643,
    25.374220074379444,
    25.37430933909416,
    25.346266424822808,
    25.32275889520645,
    25.302889254617693,
    25.28229838067293,
    25.26129119671583,
    25.250795362591745,
    25.233009131550787,
    25.2154552136302,
    25.192440707862378,
    25.163488864946366,
    25.145067583298683,
    25.125509129667282,
    25.106460992085935,
    25.096457486736774,
    25.077294253659247,
    25.053206925094127,
    25.03224839565754,
    25.012211432731153,
    25.000868978893756,
    24.9701227748394,
    24.94106683369875,
    24.920986112904547,
    24.912307167243956,
    24.88609481663704,
    24.860592618405818,
    24.84012318511009,
    24.825840021300316,
    24.786408415973188,
    24.76968794783354,
    24.747133438026903,
    24.727058651924132,
    24.700840992736815,
    24.67787704079151,
    24.648917894160746,
    24.632946605837343,
    24.601967992424964,
    24.58212550150156,
    24.556722049021722,
    24.533827478373052,
    24.51370196800232,
    24.483847532200812,
    24.466641872930527,
    24.438420904242992,
    24.41905654808283,
    24.390827999711036,
    24.365763677453995,
    24.343153255462646,
    24.311178928768634,
    24.28864033972025,
    24.26521578588486,
    24.23782885963917,
    24.211771459817886,
    24.189968430781363,
    24.162573837339878,
    24.13754801722765,
    24.114910989534856,
    24.080576508498194,
    24.046093495559692,
    24.025734779083727,
    23.997940063738824,
    23.96326183462143,
    23.95165975432396,
    23.91809165636301,
    23.883792043185235,
    23.854172956955434,
    23.8399538071394,
    23.8023801861763,
    23.77227549545765,
    23.74624399431944,
    23.71263502073288,
    23.68083591080904,
    23.65296323952675,
    23.626256005835533,
    23.59877344942093,
    23.568641505551337,
    23.54171067124605,
    23.5086534060359,
    23.473390191447734,
    23.446775295317174,
    23.417119160485267,
    23.37417360676527,
    23.345560709035396,
    23.315350014603137,
    23.27229269729853,
    23.249702298510076,
    23.207796863245964,
    23.172733754897116,
    23.134654607129097,
    23.09659758991003,
    23.064071130013467,
    23.029639840722083,
    22.998705479085444,
    22.956055043137074,
    22.920202239382267,
    22.880307356095315,
    22.849545550704,
    22.805720012295247,
    22.7615611295104,
    22.732797216117383,
    22.682978876435758,
    22.639955624651908,
    22.597230929136277,
    22.569651273036005,
    22.52005237170458,
    22.476625609898566,
    22.42744213885069,
    22.395476248395443,
    22.338488930296897,
    22.293443283343315,
    22.249621310615538,
    22.211683295416833,
    22.155681495845318,
    22.111327444779874,
    22.056675483810903,
    22.01250887197256,
    21.96943313845396,
    21.92015270910263,
    21.867348109817506,
    21.813810977745057,
    21.75904734661579,
    21.711934123826026,
    21.65620282051563,
    21.607200833547115,
    21.540936212337016,
    21.490230955839156,
    21.430282191109658,
    21.377010702204704,
    21.319593709135056,
    21.260056172013282,
    21.189153719568253,
    21.140192179226876,
    21.076084375309943,
    21.012088804650308,
    20.945184304368496,
    20.876042966389655,
    20.80398247834444,
    20.73688722987175,
    20.669842187595368,
    20.58890263711214,
    20.514784250092507,
    20.439104731690882,
    20.35843064289093,
    20.28259616035223,
    20.196964175271987,
    20.119051248836517,
    20.028555647218226,
    19.94543440295458,
    19.85518224083185,
    19.755596516799926,
    19.666479898154737,
    19.55878895919323,
    19.464596282458306,
    19.363833231806755,
    19.260328061866762,
    19.159040786850454,
    19.050083511924743,
    18.93199520556927,
    18.80992699637413,
    18.69906643514633,
    18.572121883118154,
    18.442481673562526,
    18.312763486516477,
    18.179964629483223,
    18.04164670959711,
    17.896065384709836,
    17.745723830771446,
    17.585283692622184,
    17.41440244705677,
    17.248366818678377,
    17.05556729785204,
    16.868988930785655,
    16.658430848538874,
    16.44859900944233,
    16.223722802984714,
    15.976146992814542,
    15.71527791017294,
    15.449316494637728,
    15.153625843834877,
    14.85339607619047,
    14.519857761406898,
    14.165084997850656,
    13.780853524661064,
    13.362643438112736,
    12.882639209985733,
    12.335781001353263,
    11.726085005617142,
    11.020232732892037,
    10.225696107846499,
    9.253014086264372,
    8.015806113660336,
    6.433371827894449,
    4.1109693106561895,
    0.09359507360458375,
    17.81430618984699
  ],