{
  "run_name": "D_logu_cv",
  "head": "cv",
  "test_regime": "D_3",
  "R": 210.38522988147744,
  "R_star": 262.88317366788937,
  "R_over_R_star": 0.8002993380902551,
  "agreement": {
    "oracle": 0.9989137254901961,
    "plug_in": 0.9939533333333334,
    "prior_only": 0.9939078431372549,
    "MAP_sigma": 0.9965039215686274,
    "MLE_sigma": 0.9933878431372549,
    "secretary": 0.9772101960784314,
    "myopic": 0.5264858823529411
  },
  "trajectory_mean": [
    129.50128166667224,
    169.23720339473485,
    182.8447540570736,
    191.1742693983078,
    197.30178856902123,
    201.4488462808609,
    204.948400866127,
    207.86903834228517,
    210.19282979278563,
    212.1349175354004,
    214.0045133293152,
    215.3301253501892,
    216.8134914794922,
    218.0745034500122,
    219.04855456619262,
    220.0388125152588,
    220.94242526779175,
    221.70388039245606,
    222.4734082939148,
    223.224244380188,
    223.82006178894042,
    224.336374773407,
    224.84949065551757,
    225.35039915771483,
    225.8385189819336,
    226.25082123413085,
    226.58072048187256,
    226.90655373687744,
    227.1993299179077,
    227.43336661224365,
    227.82101195678712,
    228.0762312789917,
    228.31618911590576,
    228.56481038513184,
    228.76552950134277,
    228.98333046875,
    229.20079007720946,
    229.3269449356079,
    229.44355793151854,
    229.60241018829345,
    229.812125289917,
    229.8871925216675,
    229.9940357849121,
    230.14585302124024,
    230.24774878845216,
    230.30379535369872,
    230.34380157165526,
    230.46416548004152,
    230.51144329528807,
    230.64348392181395,
    230.55127556915284,
    230.73667723693848,
    230.76418576965332,
    230.75698074035645,
    230.76547471313478,
    230.90307689819335,
    230.87270632629395,
    230.80905437316895,
    230.8717456741333,
    230.89117432403563,
    230.94710337524415,
    230.82140662078857,
    230.82583349456786,
    230.9197249191284,
    230.99426508789062,
    230.79856547851563,
    230.8802697128296,
    230.70730053405762,
    230.7899319961548,
    230.67712992248536,
    230.57824309539794,
    230.61896095886232,
    230.55573120269776,
    230.47497368621825,
    230.45086697387694,
    230.40751455688476,
    230.2647291885376,
    230.36213801879882,
    230.1876459213257,
    230.18168295440674,
    230.07171837921143,
    230.08037038116456,
    229.97338853912353,
    229.95486152038575,
    229.735657321167,
    229.77324187927246,
    229.5922722640991,
    229.49280710906982,
    229.34162297973631,
    229.18269630584717,
    229.00704402923583,
    229.01613887786866,
    228.91299287109376,
    228.84506533660888,
    228.68038856506348,
    228.6601545715332,
    228.4169261795044,
    228.35723182678223,
    228.18807428741454,
    228.03953644104004,
    227.88847621765137,
    227.68289300537108,
    227.60399791564942,
    227.562296005249,
    227.35743312530516,
    227.2451886230469,
    227.11129976959228,
    226.80602420501708,
    226.81342070617677,
    226.61101181793214,
    226.46744819793702,
    226.21298458404542,
    226.15989196624756,
    226.09216076812743,
    225.7333071975708,
    225.65971002349855,
    225.51031695251464,
    225.27061112670899,
    225.11796988830565,
    224.9860646270752,
    224.7927887817383,
    224.56382657470704,
    224.3973499862671,
    223.98747850341798,
    223.9419997695923,
    223.6234375869751,
    223.48145228271486,
    223.2275438659668,
    222.99487085113526,
    222.78330599975587,
    222.58777276916504,
    222.28536261749267,
    222.06917036895751,
    221.9770116897583,
    221.82360727386475,
    221.35141298065184,
    221.39758355255128,
    220.87732499389648,
    220.6085379348755,
    220.41813059692382,
    220.1034323867798,
    219.77904815979005,
    219.5231385925293,
    219.4828715576172,
    219.11413731689453,
    218.86512964630126,
    218.5778739059448,
    218.30494876708985,
    218.02298507843017,
    217.5737905670166,
    217.3299583190918,
    217.10824386596678,
    216.6693804611206,
    216.5731085220337,
    216.21747138061522,
    215.75617823181153,
    215.58385596923827,
    215.237732421875,
    214.99904777679444,
    214.57467698669433,
    214.50002841186523,
    213.98059636230468,
    213.72266121673584,
    213.21287405700684,
    212.95374108428956,
    212.57993285217285,
    212.24606618041992,
    211.81193359680177,
    211.53355234375,
    211.06161319122313,
    210.82465109710694,
    210.27632472991942,
    209.99255168457032,
    209.6464186050415,
    209.23251845397948,
    208.74485206604004,
    208.46946705322264,
    208.0120193862915,
    207.52840801239014,
    207.20475548095703,
    206.5719666519165,
    206.06662941741942,
    205.78621455841065,
    205.2642808944702,
    204.87092972106933,
    204.39187727966308,
    203.99066745910645,
    203.28212156524657,
    202.84391476593018,
    202.44600428466796,
    201.7886405593872,
    201.20572061462403,
    200.59443260498048,
    199.97684439849854,
    199.47273362274169,
    198.85600144348143,
    198.2686697982788,
    197.7702760284424,
    197.09153429718017,
    196.35460131835939,
    195.69048975219727,
    194.90726848602296,
    194.20054777679442,
    193.54037320709227,
    192.8798140411377,
    192.07250154113768,
    191.29819212646484,
    190.49564433135987,
    189.67126466217042,
    188.8576532684326,
    188.090577923584,
    187.08192426452638,
    186.1503431869507,
    185.0960174911499,
    184.3337883392334,
    183.15512064971924,
    182.19831329193116,
    181.08891425933837,
    180.17957006225586,
    179.07341362457277,
    178.00323957977295,
    176.7656986907959,
    175.654945513916,
    174.32298058776854,
    172.97458557128905,
    171.74978921966553,
    170.32232386627197,
    168.87463591308594,
    167.43118525772095,
    165.85091350631714,
    164.24114348068238,
    162.4848925437927,
    160.79994577102661,
    158.6741982849121,
    156.88190168991088,
    154.67014280929564,
    152.05347581939697,
    149.74088878860474,
    147.10703595046996,
    144.52064603652954,
    141.3437551269531,
    138.36043479156496,
    134.80646657943726,
    131.38590177764894,
    127.45362475128174,
    122.599695022583,
    117.51017814483643,
    111.70159244155884,
    104.99537978363037,
    97.34270592651367,
    88.06587550506592,
    76.15455517654419,
    60.946069434165956,
    38.62635928592682,
    -0.05563132863044739,
    162.24857170448303
  ],