{
  "meta": {
    "horizons": [
      65
    ],
    "betas": [
      0.05,
      0.1,
      0.15,
      0.2,
      0.25,
      0.3,
      0.35
    ],
    "train_range": [
      20,
      50
    ],
    "n_eval": 1000,
    "n_eval_seeds": 5,
    "args": {
      "M": 1000,
      "n_eval": 1000,
      "n_eval_seeds": 5,
      "seed": 42,
      "device": "cuda",
      "horizons": [
        65
      ],
      "betas": [
        0.05,
        0.1,
        0.15,
        0.2,
        0.25,
        0.3,
        0.35
      ],
      "value_action_path": "../results/sweep/sweep_20260407_013555/models/stopping_value+action.pt",
      "equal_third_path": "../results/sweep/sweep_20260407_013555/models/stopping_equal_third.pt",
      "masked_dirs": [
        "../results/robust_stopping_p1",
        "../results/robust_stopping_p2",
        "../results/robust_stopping_p3"
      ],
      "out_dir": "../results/eval_horizon_p7"
    }
  },
  "dp": {
    "65": [
      0.9669048891263692,
      0.9512277501942108,
      0.9620718399515006,
      0.9848693259972491,
      0.9592708162259813
    ]
  },
  "value_action": {
    "65": {
      "cr_learned": [
        0.8393334223884585,
        0.9048873577194582,
        0.8534404364959078,
        0.8025897642650477,
        0.8066184923632781
      ],
      "cr_dp": [
        0.9669048891263692,
        0.9512277501942108,
        0.9620718399515006,
        0.9848693259972491,
        0.9592708162259813
      ]
    }
  },
  "equal_third": {
    "65": {
      "cr_learned": [
        0.8308175260486241,
        0.8246022899989868,
        0.8120263716277661,
        0.7987952378693735,
        0.8322384628017737
      ],
      "cr_dp": [
        0.9669048891263692,
        0.9512277501942108,
        0.9620718399515006,
        0.9848693259972491,
        0.9592708162259813
      ],
      "cr_robust_0.05": [
        0.8912636922254875,
        0.8372006620056067,
        0.7717111245832071,
        0.7831902480671632,
        0.8258334701921497
      ],
      "cr_robust_0.10": [
        0.8761688485172322,
        0.8372006620056067,
        0.7789481661109428,
        0.7841388796660816,
        0.7956150435211037
      ],
      "cr_robust_0.15": [
        0.8804768901950306,
        0.843854493869693,
        0.7860336465595635,
        0.7966133851918608,
        0.797585810477911
      ],
      "cr_robust_0.20": [
        0.8526582954849052,
        0.8501030161786064,
        0.7724310397090028,
        0.7657828582270075,
        0.797585810477911
      ],
      "cr_robust_0.25": [
        0.8579682073203313,
        0.8549329550444151,
        0.7732267353743558,
        0.7502253000047433,
        0.8093282969288882
      ],
      "cr_robust_0.30": [
        0.7427865348650814,
        0.8852298442935792,
        0.7574264928766293,
        0.7790637006118675,
        0.8274757759894893
      ],
      "cr_robust_0.35": [
        0.7082888057707721,
        0.8305806059377849,
        0.731547438617763,
        0.805056206422236,
        0.83572836262112
      ]
    }
  },
  "masked": {
    "65": {
      "0.05": {
        "cr_learned": [
          0.8452444563184611,
          0.8451041983314757,
          0.8067596241285238,
          0.8086135749181806,
          0.8108063721464938
        ],
        "cr_dp": [
          0.9669048891263692,
          0.9512277501942108,
          0.9620718399515006,
          0.9848693259972491,
          0.9592708162259813
        ],
        "cr_robust_0.05": [
          0.8439420251135452,
          0.6790623838957003,
          0.7563655653228251,
          0.7783996584926244,
          0.8379865330924617
        ]
      },
      "0.10": {
        "cr_learned": [
          0.699639326743254,
          0.7572195764515148,
          0.7977417399211884,
          0.7322012996252906,
          0.7747988175398259
        ],
        "cr_dp": [
          0.9669048891263692,
          0.9512277501942108,
          0.9620718399515006,
          0.9848693259972491,
          0.9592708162259813
        ],
        "cr_robust_0.10": [
          0.7023109804969276,
          0.7523896375857061,
          0.7939527129433163,
          0.716786036142864,
          0.8112990638856955
        ]
      },
      "0.15": {
        "cr_learned": [
          0.7073203312850654,
          0.6656871685749991,
          0.7242346165504698,
          0.6883270881753072,
          0.7679421908359337
        ],
        "cr_dp": [
          0.9669048891263692,
          0.9512277501942108,
          0.9620718399515006,
          0.9848693259972491,
          0.9592708162259813
        ],
        "cr_robust_0.15": [
          0.8119489714133048,
          0.7544161853615698,
          0.8506365565322825,
          0.762889531850306,
          0.8382328789620628
        ]
      },
      "0.20": {
        "cr_learned": [
          0.7774846379909164,
          0.7869085013679197,
          0.7681494392240074,
          0.7966608167718068,
          0.8139267531614388
        ],
        "cr_dp": [
          0.9669048891263692,
          0.9512277501942108,
          0.9620718399515006,
          0.9848693259972491,
          0.9592708162259813
        ],
        "cr_robust_0.20": [
          0.7768167245524981,
          0.7850170567771135,
          0.8331312518945135,
          0.7724232794194374,
          0.8427081622598128
        ]
      },
      "0.25": {
        "cr_learned": [
          0.8001602992252204,
          0.8858378086263384,
          0.7862230979084572,
          0.8521557653085425,
          0.8555592051239941
        ],
        "cr_dp": [
          0.9669048891263692,
          0.9512277501942108,
          0.9620718399515006,
          0.9848693259972491,
          0.9592708162259813
        ],
        "cr_robust_0.25": [
          0.7501335826876836,
          0.7502279866247846,
          0.7731509548347986,
          0.7189678888203767,
          0.8238627032353425
        ]
      },
      "0.30": {
        "cr_learned": [
          0.8474485706652418,
          0.8356807511737089,
          0.7875492573507125,
          0.7934829009154296,
          0.8383560518968632
        ],
        "cr_dp": [
          0.9669048891263692,
          0.9512277501942108,
          0.9620718399515006,
          0.9848693259972491,
          0.9592708162259813
        ],
        "cr_robust_0.30": [
          0.7065188351589633,
          0.7754922822305536,
          0.7641709608972416,
          0.7849452165251625,
          0.8244785679093447
        ]
      },
      "0.35": {
        "cr_learned": [
          0.7007413839166444,
          0.7244232782787854,
          0.7984995453167627,
          0.7955224588531045,
          0.8463622926588932
        ],
        "cr_dp": [
          0.9669048891263692,
          0.9512277501942108,
          0.9620718399515006,
          0.9848693259972491,
          0.9592708162259813
        ],
        "cr_robust_0.35": [
          0.6803700240448838,
          0.7827878542236634,
          0.8316914216429222,
          0.7986529431295357,
          0.8723517819017902
        ]
      }
    }
  }
}