{
  "run_name": "D_2_act",
  "head": "act",
  "test_regime": "D_1",
  "R": 0.3190008110486497,
  "R_star": 2.653138445625865,
  "R_over_R_star": 0.12023526762222868,
  "agreement": {
    "oracle": 0.9792345098039216,
    "plug_in": 0.9794274509803922,
    "prior_only": 0.581721568627451,
    "MAP_sigma": 0.9794333333333334,
    "MLE_sigma": 0.9798054901960784,
    "secretary": 0.9925725490196079,
    "myopic": 0.5013682352941177
  },
  "trajectory_mean": null,
  "trajectory_std": null,
  "wall_model_forward_s": 1.676154164597392
}