{
  "run_name": "D_2_act",
  "head": "act",
  "test_regime": "D_2",
  "R": 26.115517700559927,
  "R_star": 26.121706216384645,
  "R_over_R_star": 0.9997630891422844,
  "agreement": {
    "oracle": 0.9998996078431373,
    "plug_in": 0.9996572549019608,
    "prior_only": 0.9427592156862745,
    "MAP_sigma": 0.9996517647058824,
    "MLE_sigma": 0.9964188235294118,
    "secretary": 0.9815376470588235,
    "myopic": 0.5217866666666666
  },
  "trajectory_mean": null,
  "trajectory_std": null,
  "wall_model_forward_s": 1.6630255058407784
}