{
  "run_name": "D_2_act",
  "head": "act",
  "test_regime": "D_3",
  "R": 89.0961905617686,
  "R_star": 262.88317366788937,
  "R_over_R_star": 0.3389193356069541,
  "agreement": {
    "oracle": 0.6030070588235295,
    "plug_in": 0.6026443137254902,
    "prior_only": 0.6034780392156863,
    "MAP_sigma": 0.6026470588235294,
    "MLE_sigma": 0.602096862745098,
    "secretary": 0.5877411764705882,
    "myopic": 0.9178756862745098
  },
  "trajectory_mean": null,
  "trajectory_std": null,
  "wall_model_forward_s": 1.663388991728425
}