{
  "meta": {
    "horizons": [
      50,
      75
    ],
    "betas": [
      0.05,
      0.1,
      0.15,
      0.2,
      0.25,
      0.3,
      0.35
    ],
    "train_range": [
      20,
      50
    ],
    "n_eval": 1000,
    "n_eval_seeds": 5,
    "args": {
      "M": 1000,
      "n_eval": 1000,
      "n_eval_seeds": 5,
      "seed": 42,
      "device": "cuda",
      "horizons": [
        50,
        75
      ],
      "betas": [
        0.05,
        0.1,
        0.15,
        0.2,
        0.25,
        0.3,
        0.35
      ],
      "value_action_path": "../results/sweep/sweep_20260407_013555/models/stopping_value+action.pt",
      "equal_third_path": "../results/sweep/sweep_20260407_013555/models/stopping_equal_third.pt",
      "masked_dirs": [
        "../results/robust_stopping_p1",
        "../results/robust_stopping_p2",
        "../results/robust_stopping_p3"
      ],
      "out_dir": "../results/eval_horizon_p4"
    }
  },
  "dp": {
    "50": [
      0.9384464948350216,
      0.9484589563625268,
      0.9123942689452789,
      0.9543411946075376,
      0.9273087867551952
    ]
  },
  "value_action": {
    "50": {
      "cr_learned": [
        0.8386571056062582,
        0.8704913030210558,
        0.7697220783704471,
        0.856168202840555,
        0.812853898996867
      ],
      "cr_dp": [
        0.9384464948350216,
        0.9484589563625268,
        0.9123942689452789,
        0.9543411946075376,
        0.9273087867551952
      ]
    }
  },
  "equal_third": {
    "50": {
      "cr_learned": [
        0.8743105004513088,
        0.8441867561794324,
        0.8202140514413947,
        0.8204152589628366,
        0.8212468741916013
      ],
      "cr_dp": [
        0.9384464948350216,
        0.9484589563625268,
        0.9123942689452789,
        0.9543411946075376,
        0.9273087867551952
      ],
      "cr_robust_0.05": [
        0.8543275498946947,
        0.8332010985657614,
        0.8144024397261063,
        0.7608160855446583,
        0.8007818113880026
      ],
      "cr_robust_0.10": [
        0.8579380202587504,
        0.834848947207812,
        0.8191207779503998,
        0.7362810378193985,
        0.8058693340231669
      ],
      "cr_robust_0.15": [
        0.8410390131381006,
        0.8204455294476656,
        0.8004775878934347,
        0.7438908387181421,
        0.7959242332787215
      ],
      "cr_robust_0.20": [
        0.872806137799619,
        0.7932560268538297,
        0.8146038322112895,
        0.7558631547872864,
        0.8055244172343422
      ],
      "cr_robust_0.25": [
        0.8870474375689501,
        0.7833689350015257,
        0.7942631912077796,
        0.736149834355627,
        0.8027650829237446
      ],
      "cr_robust_0.30": [
        0.8915605255240197,
        0.7523954836740921,
        0.8257091892513954,
        0.7084331026339095,
        0.8086574113994998
      ],
      "cr_robust_0.35": [
        0.8301073112024873,
        0.7695758315532499,
        0.7531215835203406,
        0.7169941286449962,
        0.7456238682417867
      ]
    }
  },
  "masked": {
    "50": {
      "0.05": {
        "cr_learned": [
          0.8623006719486512,
          0.8281660054928288,
          0.8115829449335404,
          0.7770525141863746,
          0.7969589836451955
        ],
        "cr_dp": [
          0.9384464948350216,
          0.9484589563625268,
          0.9123942689452789,
          0.9543411946075376,
          0.9273087867551952
        ],
        "cr_robust_0.05": [
          0.8440728111523418,
          0.8095819346963687,
          0.7776914667126993,
          0.7442516482435136,
          0.7231180477709752
        ]
      },
      "0.10": {
        "cr_learned": [
          0.8697472670745161,
          0.8787000305157155,
          0.8331607112031763,
          0.7969954406796339,
          0.8086574113994998
        ],
        "cr_dp": [
          0.9384464948350216,
          0.9484589563625268,
          0.9123942689452789,
          0.9543411946075376,
          0.9273087867551952
        ],
        "cr_robust_0.10": [
          0.8368769431350918,
          0.8196826365578274,
          0.830111053570401,
          0.6891789943254503,
          0.7391279353855881
        ]
      },
      "0.15": {
        "cr_learned": [
          0.9002858289038211,
          0.865090021361001,
          0.8576442833304564,
          0.8170695706366647,
          0.8679543560116122
        ],
        "cr_dp": [
          0.9384464948350216,
          0.9484589563625268,
          0.9123942689452789,
          0.9543411946075376,
          0.9273087867551952
        ],
        "cr_robust_0.15": [
          0.8534750777254037,
          0.8469636862984438,
          0.7877610909718626,
          0.696067176173451,
          0.8133425311143687
        ]
      },
      "0.20": {
        "cr_learned": [
          0.9050245712566443,
          0.890967348184315,
          0.8459059784797744,
          0.7963394233607767,
          0.8352160041390013
        ],
        "cr_dp": [
          0.9384464948350216,
          0.9484589563625268,
          0.9123942689452789,
          0.9543411946075376,
          0.9273087867551952
        ],
        "cr_robust_0.20": [
          0.8626015444789892,
          0.8209642966127555,
          0.7692905230450544,
          0.7289008429822548,
          0.7629559368802276
        ]
      },
      "0.25": {
        "cr_learned": [
          0.8832113128071407,
          0.8544705523344522,
          0.7776051556476207,
          0.8583002591268409,
          0.8586703457790807
        ],
        "cr_dp": [
          0.9384464948350216,
          0.9484589563625268,
          0.9123942689452789,
          0.9543411946075376,
          0.9273087867551952
        ],
        "cr_robust_0.25": [
          0.8357988165680474,
          0.7624656698199573,
          0.7691466712699234,
          0.7105651589201954,
          0.8021902216090366
        ]
      },
      "0.30": {
        "cr_learned": [
          0.9152793099989972,
          0.8552334452242905,
          0.823436331204327,
          0.8439334798438679,
          0.8357333793222385
        ],
        "cr_dp": [
          0.9384464948350216,
          0.9484589563625268,
          0.9123942689452789,
          0.9543411946075376,
          0.9273087867551952
        ],
        "cr_robust_0.30": [
          0.8790993882258551,
          0.7642966127555691,
          0.8134530180102423,
          0.7034801718765376,
          0.7479520565663534
        ]
      },
      "0.35": {
        "cr_learned": [
          0.8667385417711363,
          0.8199877937137625,
          0.772886817423327,
          0.7972906484731197,
          0.7868989106378085
        ],
        "cr_dp": [
          0.9384464948350216,
          0.9484589563625268,
          0.9123942689452789,
          0.9543411946075376,
          0.9273087867551952
        ],
        "cr_robust_0.35": [
          0.8368267977133688,
          0.7384192859322551,
          0.716784625122274,
          0.6830124315281924,
          0.7572648098646201
        ]
      }
    }
  }
}