{
  "R_over_R_star": {
    "D_1_cv": {
      "D_1": 0.9998777124595103,
      "D_2": 0.31816450897140486,
      "D_3": 0.3086887856024257
    },
    "D_1_act": {
      "D_1": 0.9999960495525818,
      "D_2": 0.320137317676703,
      "D_3": 0.26946738639332063
    },
    "D_2_cv": {
      "D_1": 0.17410733822960958,
      "D_2": 1.000095627183792,
      "D_3": 0.36162348152348844
    },
    "D_2_act": {
      "D_1": 0.12023526762222868,
      "D_2": 0.9997630891422844,
      "D_3": 0.3389193356069541
    },
    "D_3_cv": {
      "D_1": 0.01568736607672171,
      "D_2": 0.052266776617968684,
      "D_3": 0.9996185132108507
    },
    "D_3_act": {
      "D_1": 0.0168361844885631,
      "D_2": 0.12362305966592455,
      "D_3": 0.9997328035499737
    },
    "D_disc_cv": {
      "D_1": 0.9993412703146125,
      "D_2": 0.9993903325812263,
      "D_3": 0.9998258525321418
    },
    "D_disc_act": {
      "D_1": 0.999401255366813,
      "D_2": 0.9988155873774486,
      "D_3": 0.9994731004610152
    },
    "D_logu_cv": {
      "D_1": 0.03598396116731654,
      "D_2": 0.09072605198391642,
      "D_3": 0.8002993380902551
    },
    "D_logu_act": {
      "D_1": 0.9743055604269727,
      "D_2": 0.9761499558526551,
      "D_3": 0.9747573822981718
    }
  },
  "R": {
    "D_1_cv": {
      "D_1": 2.6528139998507707,
      "D_2": 8.310999831831314,
      "D_3": 81.14908763485234
    },
    "D_1_act": {
      "D_1": 2.6531279645419423,
      "D_2": 8.362532961252239,
      "D_3": 70.83844173506755
    },
    "D_2_cv": {
      "D_1": 0.46193087272256306,
      "D_2": 26.12420416158596,
      "D_3": 95.06472849572599
    },
    "D_2_act": {
      "D_1": 0.3190008110486497,
      "D_2": 26.115517700559927,
      "D_3": 89.0961905617686
    },
    "D_3_cv": {
      "D_1": 0.04162075404875736,
      "D_2": 1.3652973836919802,
      "D_3": 262.78288721004543
    },
    "D_3_act": {
      "D_1": 0.0446687283442566,
      "D_2": 3.229245246163871,
      "D_3": 262.81293221711366
    },
    "D_disc_cv": {
      "D_1": 2.6513907445722884,
      "D_2": 26.105780663181736,
      "D_3": 262.8373932288526
    },
    "D_disc_act": {
      "D_1": 2.6515498932204444,
      "D_2": 26.09076733781938,
      "D_3": 262.7446606448769
    },
    "D_logu_cv": {
      "D_1": 0.09547043079891568,
      "D_2": 2.369919276096306,
      "D_3": 210.38522988147744
    },
    "D_logu_act": {
      "D_1": 2.5849675401558554,
      "D_2": 25.498702369919897,
      "D_3": 256.2473142147475
    }
  },
  "R_star": {
    "D_1": 2.653138445625865,
    "D_2": 26.121706216384645,
    "D_3": 262.88317366788937
  },
  "baseline_R": {
    "plug_in": {
      "D_1": 2.6533790762770084,
      "D_2": 26.108575184049137,
      "D_3": 260.6929674900755
    },
    "prior_only": {
      "D_1": 0.3569037092126794,
      "D_2": 19.210684793641093,
      "D_3": 262.352831705713
    },
    "MAP_sigma_disc": {
      "D_1": 2.6525442824749486,
      "D_2": 26.082207729488797,
      "D_3": 260.4944525275396
    },
    "MAP_sigma_logu": {
      "D_1": 2.5842269751125184,
      "D_2": 25.419625705626665,
      "D_3": 256.39804422238296
    },
    "MLE_sigma": {
      "D_1": 2.59418534917483,
      "D_2": 25.48976706713147,
      "D_3": 254.96418786953208
    },
    "secretary": {
      "D_1": 1.728842893877671,
      "D_2": 16.622404690479843,
      "D_3": 163.65779632683297
    },
    "myopic": {
      "D_1": 0.3949658984357025,
      "D_2": 6.2505045543098285,
      "D_3": 79.49987569189922
    }
  }
}