{
  "run_name": "D_1_cv",
  "head": "cv",
  "test_regime": "D_1",
  "R": 2.6528139998507707,
  "R_star": 2.653138445625865,
  "R_over_R_star": 0.9998777124595103,
  "agreement": {
    "oracle": 0.9998752941176471,
    "plug_in": 0.9997741176470588,
    "prior_only": 0.5823843137254902,
    "MAP_sigma": 0.9997690196078431,
    "MLE_sigma": 0.9965349019607843,
    "secretary": 0.9816329411764706,
    "myopic": 0.5221196078431373
  },
  "trajectory_mean": [
    2.6480969282582403,
    2.6549984448485078,
    2.656794157847762,
    2.6590030546672643,
    2.6574272852361203,
    2.6580064370431007,
    2.657118393497169,
    2.655668434911221,
    2.655298146509379,
    2.654529896041006,
    2.6536504176937044,
    2.653293048387766,
    2.6526855863571166,
    2.653003352420777,
    2.6522676701806485,
    2.6508142199724913,
    2.6503313801184296,
    2.6499138607874513,
    2.648118612895161,
    2.6479541541069747,
    2.6469606559559704,
    2.645495332952589,
    2.6439814650975166,
    2.64226087493971,
    2.640647112581879,
    2.6395401450425386,
    2.6383108829140665,
    2.6368516141071914,
    2.635876782549918,
    2.634115886323154,
    2.632841196267307,
    2.6315369708009064,
    2.630245498958975,
    2.6287821547105907,
    2.6269052784241738,
    2.6253221763528884,
    2.6232286235444247,
    2.62172211824134,
    2.6203953548915684,
    2.6189914122089744,
    2.617487437736988,
    2.61593367613554,
    2.6146190258570017,
    2.613137889123708,
    2.611389562675357,
    2.6100027053825556,
    2.6081199783332645,
    2.606849877983332,
    2.605292306765914,
    2.6037576931089164,
    2.602568014336377,
    2.600926060548425,
    2.599247909408808,
    2.59748480963856,
    2.5957018977798523,
    2.5938239263392986,
    2.5918092933773993,
    2.590199883815646,
    2.588440530245006,
    2.5867708814963697,
    2.5848701296009122,
    2.582937909404188,
    2.581180751916766,
    2.5797517445757987,
    2.577973949316144,
    2.5758568434514104,
    2.574045813713223,
    2.5719537931278347,
    2.5699922946698965,
    2.567990880829841,
    2.5659904366843405,
    2.5640650378651917,
    2.5619334277287127,
    2.560017692872882,
    2.558277348192036,
    2.5564292647175493,
    2.554598549178243,
    2.5523109958164394,
    2.5502518361188473,
    2.5482161592967807,
    2.5461226256370546,
    2.5439719765655697,
    2.541766595814377,
    2.539495000268519,
    2.537518215139955,
    2.535563990791142,
    2.533317172035575,
    2.5311824195213615,
    2.529027750170976,
    2.526727713983506,
    2.524418226391077,
    2.5223197035141287,
    2.5201137363731863,
    2.517867467430234,
    2.5156977063320576,
    2.5136657860435547,
    2.511371279040724,
    2.5092092303738,
    2.506826177538186,
    2.5044031033240257,
    2.5020857656493782,
    2.49989209619835,
    2.49763260191679,
    2.4951811795212326,
    2.492837876135111,
    2.490481241438538,
    2.4882684558637442,
    2.485801786790788,
    2.483298122059554,
    2.480836698734015,
    2.4783447414383293,
    2.4758442326262595,
    2.4735307875171304,
    2.471107635078579,
    2.4687198929533363,
    2.466074729631841,
    2.463626842037588,
    2.460805511789769,
    2.4581637513175605,
    2.455534172906727,
    2.452822983225435,
    2.450118540328741,
    2.447530507142842,
    2.4448668448239563,
    2.4421483170978724,
    2.439471844754368,
    2.436615841382742,
    2.4337507633008064,
    2.430915034597367,
    2.4282879407465456,
    2.425384464779496,
    2.4224861361160874,
    2.419631285582483,
    2.416848456592113,
    2.4140070812828838,
    2.4111350612334905,
    2.4081624524071814,
    2.405120681088418,
    2.4019695935234426,
    2.398974784684181,
    2.3958392545469107,
    2.3927653544694185,
    2.3895111671440303,
    2.386204156383127,
    2.3828767238900066,
    2.3795558473877607,
    2.3761404190592468,
    2.3726726102538405,
    2.3691810995161533,
    2.3658250508964063,
    2.36230926406458,
    2.358701827443391,
    2.355008524591476,
    2.351427880591899,
    2.3477429037630557,
    2.3439239092469215,
    2.3400716989643873,
    2.3360270506940783,
    2.3320291941143574,
    2.3280388127200307,
    2.3240607170030474,
    2.320019128900021,
    2.315817607945204,
    2.3116290765568612,
    2.3073603616148235,
    2.3030140258841216,
    2.2984618467628954,
    2.2940470854654906,
    2.2894686865799128,
    2.284800605864823,
    2.2802129672288896,
    2.275546650212258,
    2.270815383411199,
    2.2661091172270478,
    2.2612779059365393,
    2.2563439221479,
    2.251348952932656,
    2.246211981140077,
    2.241173131019622,
    2.2359545679338275,
    2.230691873635352,
    2.2253270888589323,
    2.2199933270849286,
    2.21443379278332,
    2.2089270614534615,
    2.2032938146829606,
    2.1975870804056523,
    2.1919564904622733,
    2.1861477338314055,
    2.1802331312283876,
    2.174214995139092,
    2.1682636377029123,
    2.1619903088569643,
    2.1557053299583493,
    2.1493947305083276,
    2.1429768061317502,
    2.1365680005140604,
    2.129983412769437,
    2.1231140357352793,
    2.116147040644288,
    2.1088635595701635,
    2.101496726556867,
    2.09392483170256,
    2.0860642526715996,
    2.077983580955863,
    2.0697302314780655,
    2.061393765298277,
    2.0527131762705744,
    2.0437901775285603,
    2.0346204730272293,
    2.025256576079875,
    2.0156744440868497,
    2.00587147328034,
    1.9958002623677253,
    1.9854796338304876,
    1.97488178486228,
    1.9641032248437404,
    1.9528693232275545,
    1.9414268240973354,
    1.9295539688117802,
    1.917444058663398,
    1.9050961939312518,
    1.8923972255580128,
    1.879300089817494,
    1.865794715964049,
    1.8517527629315853,
    1.8370769110456109,
    1.8217645613737405,
    1.8055713535256683,
    1.7886105452045797,
    1.7708092725001277,
    1.7520258266314863,
    1.732394015789777,
    1.711879095197469,
    1.6903257641844451,
    1.667559304124862,
    1.6437790697962045,
    1.61870430219993,
    1.5923451358340681,
    1.564095645491779,
    1.5333888347782194,
    1.4998877301290632,
    1.463370350600034,
    1.4236851399473847,
    1.3803027556754648,
    1.3331368037097155,
    1.2803544571585954,
    1.219579673488438,
    1.1493287061929702,
    1.0684167548239232,
    0.9704159382499754,
    0.8477264921940864,
    0.6869531021744013,
    0.45869738006293775,
    0.05930139933973551,
    2.062745041962713
  ],