{
  "run_name": "D_1_cv",
  "head": "cv",
  "test_regime": "D_2",
  "R": 8.310999831831314,
  "R_star": 26.121706216384645,
  "R_over_R_star": 0.31816450897140486,
  "agreement": {
    "oracle": 0.6452211764705882,
    "plug_in": 0.6450117647058824,
    "prior_only": 0.6761019607843137,
    "MAP_sigma": 0.6450125490196078,
    "MLE_sigma": 0.644516862745098,
    "secretary": 0.6303149019607843,
    "myopic": 0.87516
  },
  "trajectory_mean": [
    2.7561526237130165,
    2.7965276725932955,
    2.8522095790266992,
    2.9309945742577312,
    3.0016258796744046,
    3.0207970433615148,
    2.9333345904640855,
    3.1073631366588175,
    3.1049008361063897,
    3.1666269193425776,
    2.97287613729313,
    2.943325647059828,
    2.9658014495365324,
    3.160075011514872,
    3.1340531082741916,
    3.061654200834036,
    3.1006261613808572,
    3.0528420500203968,
    3.0928892650716007,
    3.252147920663655,
    3.155970630376786,
    2.873258616728336,
    3.0518604373849927,
    3.012522493392974,
    3.011849891594052,
    2.963406604102999,
    3.1314777287967503,
    3.1629903535321353,
    3.2540269512109457,
    3.211736070418358,
    3.0560635687716307,
    3.0129845492422582,
    3.0827694554395975,
    3.1950216955021022,
    3.159271550668776,
    3.106751136291027,
    3.2682521863900127,
    3.140256466355175,
    3.2415715934433043,
    3.0213095408037307,
    2.9397766475982965,
    3.074829378672689,
    3.206074592614919,
    3.2749074114613235,
    2.9143421497322617,
    2.938790128491074,
    3.1006858155816794,
    3.126174617521465,
    3.12410389713645,
    3.0357782513312994,
    3.0100602518320083,
    3.160106377787888,
    3.1857553954459727,
    3.1209444076180457,
    2.897837753690034,
    3.186097960879654,
    3.1067613547228277,
    3.045850061951578,
    3.0912086056530477,
    3.1795871388234196,
    3.0528928834080697,
    2.9185782134339213,
    3.1022155763752757,
    3.1673739621952177,
    3.0107344200760124,
    3.1693589682400227,
    3.2086194668136536,
    3.1248063151188195,
    2.984761966627836,
    3.0660418099589646,
    2.9607310679860412,
    3.4248198583722114,
    2.9995909804061056,
    3.152376241621375,
    2.9837143456704913,
    3.0672140423491596,
    3.1001326144345103,
    3.2259564092479645,
    3.213066424766928,
    2.9813777356378734,
    3.3987631198860706,
    2.997636461033672,
    3.03597412282452,
    3.1110110417053103,
    3.164121423627436,
    2.887133627797663,
    2.9620602471850814,
    3.1040409852467477,
    2.925001731006056,
    3.056172391463816,
    2.9482968161709606,
    3.2387021571934222,
    3.1817135778024794,
    3.0185203700475394,
    3.158064381080866,
    3.056927571759373,
    3.185314369083196,
    3.057381795677543,
    2.932166519647837,
    3.0459580747917294,
    2.9501426193915306,
    3.240342873650789,
    3.13872302896902,
    3.2034894604183735,
    2.78174460420087,
    3.104179714162648,
    2.9751581236712634,
    3.0630805276863278,
    3.004575414684415,
    2.951466686654836,
    3.163326630371064,
    2.912056862838566,
    3.1641191771753134,
    3.1332596923463045,
    3.2267647048160435,
    2.9549337725251914,
    3.222212614697218,
    2.876676207203418,
    2.8435826841272416,
    3.2979091269157825,
    2.856387068510801,
    3.0227572632797064,
    3.138599635191262,
    3.255456380842626,
    2.9023574799232184,
    3.1324617866382,
    3.0673056987978518,
    3.074717751456797,
    2.902423532283306,
    3.051917039309442,
    3.2756807524561884,
    3.028221140410006,
    3.130251290716231,
    3.0598492113895714,
    2.7824734106972815,
    2.8615216928631066,
    3.1442289236307146,
    2.969075201726705,
    3.0959598411105573,
    2.886999140560627,
    3.1296470943525434,
    3.069703349202871,
    3.1161361575230955,
    2.866900399772078,
    3.2367080029189585,
    2.8799779016397893,
    2.8030111683644354,
    2.6366980714969337,
    3.001880522380024,
    2.9803687978886066,
    3.2437502274267374,
    2.9207202260427176,
    2.9527923776827754,
    2.9928281612224876,
    2.8372234301641583,
    3.293055021942407,
    2.7201749541826548,
    3.0527578769519925,
    3.266845609701425,
    3.0168066651783882,
    3.0707565927751364,
    2.6905881444722413,
    2.672568274425715,
    2.9586523233138027,
    3.0432326529696585,
    2.8684422609083353,
    2.7640466529607775,
    2.7757711602918804,
    2.7389172342397274,
    2.807623834718764,
    2.7534081589147448,
    2.9263984718464315,
    2.698827568988502,
    3.0493627448029814,
    2.785647422965616,
    2.733347717256099,
    2.931531464727223,
    3.145551690326631,
    2.904018850260973,
    2.731239900635183,
    3.0543771530494093,
    3.1001073078252377,
    2.992166779383272,
    3.023645460177958,
    2.658678033863008,
    3.042981302933395,
    3.035600346779823,
    2.8491112439125774,
    2.6577701327107848,
    2.798021810749918,
    2.764563293982297,
    3.0347092902846633,
    3.0061414470456542,
    2.751794596210867,
    2.860988211847842,
    3.009935267049074,
    2.824894308137894,
    2.8324536321267484,
    2.8223679421491923,
    2.4208061587415637,
    3.0958159418441356,
    2.752997424123436,
    2.9624783647350967,
    2.6355824837721884,
    3.1475748967133463,
    2.968507805901021,
    2.842052314440906,
    2.8422095568351446,
    2.680495719196647,
    2.6465838098861276,
    2.9707777565583586,
    2.652845864709467,
    2.752624571608752,
    2.76323601179719,
    2.9099951018556953,
    2.4662324048541486,
    2.751216815967113,
    2.8829258093610406,
    2.64421217231825,
    2.7864090128868817,
    2.5748215884931387,
    2.4363765877962114,
    2.355010888057202,
    2.80891832639724,
    1.9578313804633916,
    2.745126260982454,
    2.5530002911493184,
    2.5079141482368112,
    2.4818754044048488,
    2.80686673367396,
    2.597573455696553,
    2.5396286694563925,
    2.5820497884072364,
    2.4791333873912693,
    2.5528035024285316,
    2.2378009035632016,
    2.4253657628007232,
    2.517490381850302,
    2.3646768785402177,
    2.4372494041457773,
    2.779709225919843,
    1.9021226152278483,
    2.525081326738745,
    2.197405997760594,
    1.957131975314021,
    1.9171250218153,
    1.8831932292476297,
    1.8351524954244494,
    2.1697217345327138,
    1.908219581902772,
    1.5653711042881011,
    1.6912948805525898,
    1.7265999202303588,
    1.255688197811693,
    1.1329625778369605,
    2.426002772794664
  ],