{
  "run_name": "D_1_cv",
  "head": "cv",
  "test_regime": "D_3",
  "R": 81.14908763485234,
  "R_star": 262.88317366788937,
  "R_over_R_star": 0.3086887856024257,
  "agreement": {
    "oracle": 0.6384145098039216,
    "plug_in": 0.6380094117647059,
    "prior_only": 0.6388682352941176,
    "MAP_sigma": 0.6380129411764706,
    "MLE_sigma": 0.6374596078431373,
    "secretary": 0.623941568627451,
    "myopic": 0.8782329411764705
  },
  "trajectory_mean": [
    2.760849764418602,
    2.6018719551980496,
    3.4181892409309746,
    3.806773927444592,
    4.338725435611606,
    4.0949356800481675,
    4.290627865775675,
    4.746585421932116,
    4.946450484013558,
    5.024079887394607,
    5.101276728089899,
    5.0243193025529385,
    5.113975905257464,
    5.518089226510376,
    5.456822128915042,
    5.322008182761073,
    5.376640490502119,
    5.6099046232305465,
    5.358939680267871,
    5.592860211238265,
    5.368967918736487,
    5.5539775954589246,
    5.6185026228360835,
    5.56360299404338,
    5.697959309475869,
    5.481128284732252,
    5.77244522157684,
    5.543640282713622,
    5.750490668453276,
    5.785211068041622,
    5.32259237851426,
    5.842698236143589,
    5.434721645772457,
    5.499487528485805,
    5.697149990063161,
    5.5789949254907665,
    5.681354374240339,
    5.708002255192399,
    5.290198646960407,
    5.608212918181717,
    5.699467354383319,
    5.891723624695093,
    5.755397908812761,
    5.660301442024857,
    5.399971506967396,
    5.863955676726997,
    5.598329593662172,
    5.856496320378035,
    5.392272985238582,
    5.6716615366406735,
    5.782628813399374,
    5.891436739629507,
    6.007328137796372,
    5.681524153312296,
    5.9064256835535165,
    5.825744053290039,
    5.88422338854149,
    5.704887444724887,
    5.766708564982563,
    6.041088013210148,
    5.388077797395736,
    5.806555616756529,
    5.67146436548382,
    5.6898739043928686,
    5.6769328086473045,
    5.8983219429411,
    5.944025598882884,
    5.7836513074710965,
    5.722871252583713,
    5.6547174683243036,
    5.72214043051824,
    5.655118621171265,
    5.821977294256538,
    5.7820762920983135,
    5.638329395931959,
    5.899024437775463,
    5.885050993143022,
    5.951964054288715,
    5.73308589078337,
    5.5649645853213965,
    5.724194563709944,
    5.510896323044598,
    5.745341771463305,
    5.6271702285021545,
    5.950385862785578,
    5.452606391783804,
    5.554238871262222,
    5.879540313465894,
    5.793040548059344,
    5.89453561001718,
    5.836044116155803,
    5.881428862214088,
    5.842059389920533,
    5.814143823020905,
    5.812012144042551,
    5.648583463358879,
    5.828895798828452,
    5.849627229166031,
    5.897666694708914,
    5.598492916109413,
    5.795222092497349,
    5.856919947186857,
    6.089269628488273,
    5.954881811092794,
    5.7126933622218665,
    5.964535393092036,
    5.808166171225905,
    5.859633767227083,
    5.785596781785041,
    5.8405403247043495,
    5.847715013790876,
    5.556534768196941,
    5.586594947678596,
    5.870377593585848,
    5.763655493312329,
    5.805776801838726,
    5.807118859321624,
    5.774169449812919,
    5.62694191077128,
    5.834114140877127,
    5.650061453475058,
    5.795820072654634,
    5.640977739192546,
    5.926369427658617,
    5.793400130312145,
    6.083733148079365,
    5.752459408894182,
    5.59815206547305,
    5.762559526468813,
    5.839920674400031,
    6.150854806312173,
    5.52581642376706,
    6.041324057925492,
    5.608874506947398,
    5.774061941632628,
    5.632977093023062,
    5.86455173779428,
    5.942384565633535,
    5.821971196130663,
    5.711566310810298,
    5.74581712732464,
    5.500205659912527,
    5.737716296062619,
    5.500872779568285,
    5.611239805122465,
    5.871058925781399,
    5.794034051442892,
    5.742451758248359,
    5.516932159367949,
    5.5595673246242105,
    5.67797180531323,
    5.834090461944044,
    5.707271538798511,
    5.7645259105362,
    5.775823337758332,
    5.754814982520044,
    5.694048063593358,
    5.674833233418315,
    5.87463561251238,
    5.959465714661032,
    6.03490682303384,
    5.7474657284729185,
    5.847842679600418,
    5.715826053361595,
    5.74166844477877,
    5.683133478600531,
    5.531298573987186,
    5.594807988683134,
    5.763611797043681,
    5.682716259146109,
    5.436375718914717,
    5.702518312225491,
    5.86756464504227,
    5.776336469562351,
    5.6982161767840385,
    5.632020357327908,
    5.6771105136074125,
    5.491459140333533,
    5.834259875949472,
    5.882537470580638,
    5.724038067363202,
    5.735448355938495,
    5.885540945284069,
    5.5854342028588055,
    5.364705320439488,
    5.590764078047126,
    5.680332702112943,
    5.728173919503391,
    5.767114086216688,
    5.4959183715596795,
    5.517993915370852,
    5.645809745011479,
    5.783534798927605,
    5.331585079424828,
    5.67176291096434,
    5.675153068734706,
    5.753971346569807,
    5.690078826011717,
    5.288719798410684,
    5.168746853669733,
    5.741016708882153,
    5.946264784409106,
    5.9018002811700105,
    5.652787148793787,
    5.6274175874195995,
    5.697314699714631,
    5.419727272121608,
    5.598027862277627,
    5.8340111749731,
    5.516785396277904,
    5.749914371755719,
    5.496213684145361,
    5.409075731732696,
    5.533681437884272,
    5.8084896889448165,
    5.6175552071690555,
    5.640891021667421,
    5.502360268293321,
    5.660618675205112,
    5.563703651568294,
    5.373220308850706,
    5.377922389155627,
    5.662359778884054,
    5.453729928545654,
    5.167272382381558,
    5.395332518796622,
    5.441822976125777,
    5.397398043265194,
    5.699731662281603,
    5.691748147521913,
    5.578992393703759,
    5.246155165964365,
    5.438961724212766,
    5.228979620220512,
    5.473667796438187,
    5.487509650117904,
    5.590551796834916,
    5.440673478037864,
    5.528983979994804,
    5.429018718105555,
    5.3575033148512246,
    5.403389872024953,
    5.375727734672278,
    5.605559113651514,
    5.309358211124688,
    5.3278802198633555,
    5.161520767211169,
    4.597212401697784,
    5.077240580401569,
    5.094795772302151,
    4.66489935470149,
    4.867803805151582,
    5.240484413278103,
    4.497911542967707,
    4.486960754168779,
    5.584622038129717
  ],