{
  "run_name": "D_disc_cv",
  "head": "cv",
  "test_regime": "D_1",
  "R": 2.6513907445722884,
  "R_star": 2.653138445625865,
  "R_over_R_star": 0.9993412703146125,
  "agreement": {
    "oracle": 0.9996419607843138,
    "plug_in": 0.9995886274509804,
    "prior_only": 0.5823839215686275,
    "MAP_sigma": 0.9995945098039216,
    "MLE_sigma": 0.9965156862745098,
    "secretary": 0.9817054901960784,
    "myopic": 0.5220054901960784
  },
  "trajectory_mean": [
    2.640253089737892,
    7.700064895284176,
    3.772853460729122,
    2.9650255522370337,
    2.751875712418556,
    2.6868391016602517,
    2.6648656886935234,
    2.656426988136768,
    2.6542307511925696,
    2.65166879427433,
    2.651008428013325,
    2.6508271811246873,
    2.650236516869068,
    2.6504925352811814,
    2.6498111716628077,
    2.6481089755892753,
    2.647578801035881,
    2.646915902841091,
    2.644621800220013,
    2.6450937585115435,
    2.6438673595309257,
    2.642609596025944,
    2.640576300263405,
    2.6388837007164954,
    2.636821302688122,
    2.6359484906792643,
    2.635297577536106,
    2.6330411345243454,
    2.631942828154564,
    2.6303787413954733,
    2.6293152382493017,
    2.6279413032650947,
    2.6270116325855257,
    2.625790394663811,
    2.6243425212740896,
    2.62204501247406,
    2.6201323360443114,
    2.619306008148193,
    2.6176868434667586,
    2.6168899469971656,
    2.6140737207651137,
    2.6136482568264006,
    2.611895377910137,
    2.610848663628101,
    2.6083926760315896,
    2.6074495035767553,
    2.60625430996418,
    2.605156317603588,
    2.603464925134182,
    2.6020811681985854,
    2.6012660553097726,
    2.5995904689192773,
    2.5991228287935257,
    2.59661043766737,
    2.5952250865221025,
    2.5937844408273696,
    2.5913721146702766,
    2.5902395067095756,
    2.588755364906788,
    2.5869940053462983,
    2.585641849398613,
    2.5837424528598785,
    2.581740989971161,
    2.580539836204052,
    2.5796352201223374,
    2.577767054653168,
    2.576053735792637,
    2.574691808116436,
    2.572562232351303,
    2.570219877576828,
    2.5692581627488136,
    2.5667038016915322,
    2.5650211042404174,
    2.5630120295763015,
    2.5614454946517946,
    2.559910856795311,
    2.5577153781294824,
    2.5562112180352212,
    2.5544952730298043,
    2.552472669696808,
    2.550157747125626,
    2.5485171871066092,
    2.546310106611252,
    2.544017705953121,
    2.5416699694871903,
    2.5405904280900957,
    2.53837856695652,
    2.535791766881943,
    2.5334318452000617,
    2.5316332693219183,
    2.5290604822874068,
    2.5271554494023323,
    2.5248275209665296,
    2.5231585976004602,
    2.5205856678009035,
    2.5178605357527735,
    2.5161883952140807,
    2.514230546569824,
    2.511695385670662,
    2.509445585715771,
    2.5076025851130486,
    2.5051481875658035,
    2.502893237245083,
    2.5011520894169808,
    2.49772117023468,
    2.495668370771408,
    2.4934942296862603,
    2.4908113918304444,
    2.488834878587723,
    2.486175040245056,
    2.4830987010598182,
    2.4804505626797675,
    2.4781781862854957,
    2.475878802037239,
    2.473741283118725,
    2.4704267303347587,
    2.4679843069434164,
    2.4647658289551737,
    2.4618128669023513,
    2.458970023429394,
    2.456439164865017,
    2.454000490093231,
    2.450368116569519,
    2.4482328539848326,
    2.4445885554909705,
    2.441719508206844,
    2.439769459271431,
    2.435891188323498,
    2.4328366898417473,
    2.4293833044290545,
    2.426556647193432,
    2.423928517854214,
    2.420063966548443,
    2.416793607056141,
    2.41423957362175,
    2.410564382314682,
    2.4082405894160273,
    2.4043849850535395,
    2.4013999516129494,
    2.3974552503824236,
    2.3943559241294863,
    2.3905147766828536,
    2.3870608610868453,
    2.3835904058098794,
    2.3803523005843163,
    2.377047462296486,
    2.373060455977917,
    2.3690241857409475,
    2.3659614499092103,
    2.3623216844439505,
    2.3588306372761725,
    2.3544168729543684,
    2.351454564368725,
    2.3472207307457924,
    2.343214345920086,
    2.339763139939308,
    2.335687322795391,
    2.331105111515522,
    2.3274965543150903,
    2.323238215196133,
    2.3194229273557663,
    2.3151471276521685,
    2.3122028727054595,
    2.307376346158981,
    2.3039149853110312,
    2.2992206481933595,
    2.2950827721118925,
    2.290064951324463,
    2.2862056863188744,
    2.280772261452675,
    2.2768770749807357,
    2.2728048415780067,
    2.26812153236866,
    2.2634815507888795,
    2.259262684726715,
    2.25465522121191,
    2.250220092570782,
    2.244700305879116,
    2.2404266597628593,
    2.235196282291412,
    2.230754681766033,
    2.225859673023224,
    2.2205921023368838,
    2.2159763135910033,
    2.21060223698616,
    2.20570178296566,
    2.200517960679531,
    2.195654896759987,
    2.189198538684845,
    2.1840498671770097,
    2.1778422063589096,
    2.1718503859519958,
    2.166046236181259,
    2.1600767835736274,
    2.1532307077169417,
    2.146295159327984,
    2.139720800960064,
    2.1325142449378967,
    2.1259472878932955,
    2.118903540563583,
    2.110980795609951,
    2.1030914534449576,
    2.0957454013466834,
    2.0877751492977143,
    2.0788090683579443,
    2.071060314643383,
    2.0620311368107798,
    2.0526302557110787,
    2.043880544233322,
    2.034805616354942,
    2.0252739517092704,
    2.015302070593834,
    2.0059479862451552,
    1.9946898859143256,
    1.9848914189457894,
    1.9742867231726646,
    1.9630488663077355,
    1.9517826061606407,
    1.939581573009491,
    1.9286128708839416,
    1.9155570971012115,
    1.9039994358062744,
    1.8909173414349556,
    1.8782383052110672,
    1.863638030564785,
    1.850568762421608,
    1.8369448078393935,
    1.822273521924019,
    1.8064627024412154,
    1.7900958887338638,
    1.7724969042897225,
    1.7552933711409568,
    1.7354035568118096,
    1.7146168309926986,
    1.692480181658268,
    1.669733772432804,
    1.6451505419135093,
    1.6198387828588485,
    1.5916093443274497,
    1.5623565838456155,
    1.5311473075032234,
    1.4986509252786637,
    1.463227151477337,
    1.4262323265194894,
    1.384034955716133,
    1.3356202029705047,
    1.2815557941079139,
    1.2198270938038827,
    1.1493827960252763,
    1.070473231267929,
    0.973549414229393,
    0.8494977235913277,
    0.6916265988230705,
    0.4593876102685928,
    0.0593056478023529,
    2.778509513247013
  ],