{
  "run_name": "D_disc_cv",
  "head": "cv",
  "test_regime": "D_2",
  "R": 26.105780663181736,
  "R_star": 26.121706216384645,
  "R_over_R_star": 0.9993903325812263,
  "agreement": {
    "oracle": 0.9998019607843137,
    "plug_in": 0.9995972549019608,
    "prior_only": 0.9427478431372549,
    "MAP_sigma": 0.9995964705882353,
    "MLE_sigma": 0.9964207843137255,
    "secretary": 0.9815850980392157,
    "myopic": 0.5217219607843138
  },
  "trajectory_mean": [
    2.990121095454693,
    37.258258000731466,
    30.163535131251813,
    27.41852288745642,
    26.582240808820725,
    26.223292200899124,
    26.13344978932142,
    26.073858226406575,
    26.055762816286087,
    26.052566563808917,
    26.035895024204255,
    26.04084128767252,
    26.02419917049408,
    26.001026247346402,
    25.990064217293263,
    25.966396098041535,
    25.953064131450652,
    25.940194033932684,
    25.926312321925163,
    25.92411813812256,
    25.90824388025999,
    25.89014043674469,
    25.88027037445307,
    25.872225714993476,
    25.869266617894173,
    25.847221871304512,
    25.83061355291605,
    25.817675843024254,
    25.80883664727211,
    25.800171829509736,
    25.78449225846529,
    25.766386167252065,
    25.750771140408517,
    25.73504961594343,
    25.717847477650643,
    25.707491192626954,
    25.69874925198555,
    25.682978361940386,
    25.674217678081988,
    25.65246169010401,
    25.65006014096737,
    25.625757612121106,
    25.618219760382175,
    25.601051468479632,
    25.59206762135029,
    25.575685317850112,
    25.559891007089615,
    25.544142927384378,
    25.534136427140236,
    25.521276257455348,
    25.505097520697117,
    25.49112675603628,
    25.465437873160838,
    25.4599016749382,
    25.441501923108103,
    25.427705598843097,
    25.412808942306043,
    25.39890583204031,
    25.384655021834373,
    25.368186544394494,
    25.34439585056305,
    25.332610826575756,
    25.316362140643598,
    25.301445746243,
    25.284328056812285,
    25.263351236605644,
    25.248796678900717,
    25.227845587217807,
    25.210254775941372,
    25.19859657781124,
    25.176719068825246,
    25.165199066007137,
    25.151271973609923,
    25.127126447987557,
    25.111399495136737,
    25.09319298658371,
    25.08141912215948,
    25.05938764922619,
    25.041788874340057,
    25.017337412166597,
    25.004143894076346,
    24.97549120411873,
    24.961233398914338,
    24.933982637357712,
    24.921550006592273,
    24.89477978756428,
    24.87444968714714,
    24.86443818603754,
    24.839568872749805,
    24.81569938981533,
    24.79340033223629,
    24.775452873897553,
    24.761135643088817,
    24.72980589519739,
    24.713008116352558,
    24.69145557231903,
    24.66271708239317,
    24.639463595044614,
    24.62046609402895,
    24.59756245690584,
    24.57176421812773,
    24.54682246102095,
    24.523286083161832,
    24.497349439990522,
    24.480200471901895,
    24.450590948724745,
    24.424187636601925,
    24.402533161139488,
    24.37351408573389,
    24.34765185164213,
    24.330865006554127,
    24.304087982463837,
    24.27816481461525,
    24.248790403854848,
    24.218486815142633,
    24.197649446094037,
    24.167212781977653,
    24.140607020902635,
    24.116331023490428,
    24.087414647245406,
    24.057168133997916,
    24.02520738041401,
    24.007945215523243,
    23.96900419368744,
    23.94543902095556,
    23.915158233845233,
    23.878749748063086,
    23.85247958469391,
    23.82320777118206,
    23.79826910777092,
    23.762267727959156,
    23.72806187136173,
    23.70431548241377,
    23.67283472738266,
    23.64066695010662,
    23.61725393124819,
    23.569848730683326,
    23.541885542345046,
    23.50784215350151,
    23.477490524089337,
    23.443534495234488,
    23.415212343776226,
    23.371124562382697,
    23.342411460089682,
    23.305983478879927,
    23.26759831777811,
    23.238866901528834,
    23.200413983726502,
    23.16222786977291,
    23.12762580958605,
    23.09015828692913,
    23.059605765473844,
    23.013674804532528,
    22.98243054372072,
    22.94684962975979,
    22.90293945813179,
    22.862904112291336,
    22.827768286705016,
    22.78613249130249,
    22.745368254995345,
    22.70770938539505,
    22.671669154906272,
    22.617624982655048,
    22.583815556681156,
    22.53571371432543,
    22.498514597427846,
    22.453343750214575,
    22.41758386362791,
    22.371165948581694,
    22.328784902381898,
    22.284367227125166,
    22.23471304280758,
    22.190709994006156,
    22.14836859048605,
    22.100646654582025,
    22.05435752284527,
    22.002227438104153,
    21.958031875562668,
    21.911880504620076,
    21.868429185414314,
    21.810208782041073,
    21.76287541548014,
    21.717146970069408,
    21.663458055353164,
    21.616420781862736,
    21.561863863158226,
    21.51231541560888,
    21.456233023178577,
    21.406616732978822,
    21.343174912071227,
    21.284903548526763,
    21.22735253648758,
    21.16529634526968,
    21.102018896734716,
    21.036289853239058,
    20.97619571418762,
    20.90639521199465,
    20.841463773238658,
    20.762483607673644,
    20.69589356215,
    20.619177849721908,
    20.544885669827462,
    20.463631515681744,
    20.38397182393074,
    20.306392321538926,
    20.21201576331854,
    20.13494535372257,
    20.04835083578825,
    19.95581356419325,
    19.857438407933714,
    19.763371542847157,
    19.66199198669195,
    19.561125667488575,
    19.46383316143751,
    19.35531299650669,
    19.244674803996087,
    19.13958883419037,
    19.025053841495513,
    18.909268956375122,
    18.787270196068288,
    18.670672838962076,
    18.539430005276202,
    18.41488686121702,
    18.278625277078152,
    18.152313215720653,
    18.008866064560415,
    17.86759273523092,
    17.724844368493557,
    17.57376014174223,
    17.407580177140236,
    17.241782762718202,
    17.051000958967208,
    16.862897727715968,
    16.65541633040905,
    16.43937294062376,
    16.2087990665555,
    15.963769742453099,
    15.700580356681346,
    15.424369950568677,
    15.131556408834458,
    14.820223080849647,
    14.49151384125948,
    14.140008001351356,
    13.765635727095605,
    13.346323890745639,
    12.86790737326145,
    12.321977059876918,
    11.706088522946835,
    11.009941060864925,
    10.213418278217315,
    9.242281167304515,
    8.005518573260307,
    6.433831442320347,
    4.118745569193363,
    0.10699777141809463,
    19.26851012119055
  ],