{
  "run_name": "D_disc_cv",
  "head": "cv",
  "test_regime": "D_3",
  "R": 262.8373932288526,
  "R_star": 262.88317366788937,
  "R_over_R_star": 0.9998258525321418,
  "agreement": {
    "oracle": 0.9998509803921568,
    "plug_in": 0.9981215686274509,
    "prior_only": 0.9973647058823529,
    "MAP_sigma": 0.9981180392156863,
    "MLE_sigma": 0.9958650980392156,
    "secretary": 0.9814137254901961,
    "myopic": 0.5218305882352942
  },
  "trajectory_mean": [
    157.59427494930029,
    245.95326434366703,
    256.3477684376717,
    259.5212176071167,
    260.58315923923254,
    260.7187165189743,
    260.6846088403225,
    260.53867947692873,
    260.45849135742185,
    260.3092736068726,
    260.2122037353516,
    260.03811345977783,
    259.8785860687256,
    259.7958107940674,
    259.67940403289793,
    259.5110266082764,
    259.40167798309324,
    259.26396531829835,
    259.1341543151855,
    258.99991901550294,
    258.8805761276245,
    258.73052021331785,
    258.5537877883911,
    258.45627451324464,
    258.2842454696655,
    258.13771796875,
    258.01854423217776,
    257.8885001785278,
    257.722981703186,
    257.5821159576416,
    257.4619962844849,
    257.33652276000976,
    257.1900149459839,
    257.020870274353,
    256.8993193435669,
    256.7648105743408,
    256.5674769500732,
    256.45395785980224,
    256.2988875396729,
    256.17337928009033,
    255.98837420654297,
    255.86890988006593,
    255.71688066558838,
    255.56566238250733,
    255.4079988922119,
    255.24612915802,
    255.10396797332763,
    254.96780743103028,
    254.81553411102294,
    254.67278208770753,
    254.49754447174072,
    254.38452914276124,
    254.23419421844483,
    254.08689901580811,
    253.93902940368653,
    253.78731083221436,
    253.61406507873536,
    253.48551167297364,
    253.2949840057373,
    253.12836226348878,
    252.96474481658936,
    252.81869655151368,
    252.63116967926027,
    252.4872588973999,
    252.3126884399414,
    252.11379284210204,
    251.9639590484619,
    251.79239531402587,
    251.64783993988038,
    251.41549730377199,
    251.24577220458985,
    251.0620600692749,
    250.8698536895752,
    250.69439260559082,
    250.49742840881348,
    250.31437053375245,
    250.1219034057617,
    249.947498236084,
    249.73501430511476,
    249.5387726486206,
    249.35669285736083,
    249.18985003814697,
    248.9592384994507,
    248.77799210510253,
    248.54139929504396,
    248.34464209136962,
    248.1562536758423,
    247.91828712310792,
    247.71426404724122,
    247.51238071136476,
    247.29235145874023,
    247.07652269592285,
    246.85306478271485,
    246.63750026245117,
    246.41764318695067,
    246.20246619110108,
    245.97550186157227,
    245.75059650268554,
    245.50155036010742,
    245.27655744628908,
    245.04478768463136,
    244.80208052215576,
    244.56592018585206,
    244.31768304901124,
    244.07438252105712,
    243.85776972045898,
    243.61189957122804,
    243.34435328063964,
    243.10693343811036,
    242.85177183380128,
    242.58563613739014,
    242.34090733337402,
    242.05388953552247,
    241.81071774291993,
    241.5349780960083,
    241.2507452392578,
    240.98986711730956,
    240.71168866119385,
    240.42950803222655,
    240.14367723999024,
    239.8686994064331,
    239.57285109405518,
    239.263786177063,
    238.98404245605468,
    238.69475247955322,
    238.39841251068114,
    238.1088828414917,
    237.8049508758545,
    237.5003941986084,
    237.18194689178466,
    236.91429084472657,
    236.59670454559327,
    236.25095555114746,
    235.94059489593505,
    235.6359219024658,
    235.2934514968872,
    234.9964761505127,
    234.65597270355224,
    234.32629161529542,
    233.9797011642456,
    233.64902919921875,
    233.27908861846925,
    232.97056797943117,
    232.58358046875,
    232.24526228485107,
    231.89042837677002,
    231.51545195465087,
    231.16332543640138,
    230.81237699127198,
    230.42748531951904,
    230.07460799713135,
    229.7054324371338,
    229.3295834411621,
    228.93945906829833,
    228.55154804077148,
    228.16710454711915,
    227.80318350830078,
    227.380303994751,
    227.00288065185546,
    226.56598636779785,
    226.18022256011963,
    225.7473727340698,
    225.40168026733397,
    224.93391382141112,
    224.53694037017823,
    224.1107166885376,
    223.68593339080812,
    223.24173212738037,
    222.81689516448975,
    222.37629985656739,
    221.94303092956542,
    221.49935575408935,
    221.0371846786499,
    220.58617744750975,
    220.13909432373046,
    219.6775359146118,
    219.21224797668458,
    218.73935372161864,
    218.25216704559327,
    217.76529698638916,
    217.31763141174315,
    216.82946889038087,
    216.31467438964845,
    215.804683883667,
    215.30042696228028,
    214.80421604156493,
    214.2606052154541,
    213.7360295272827,
    213.16825372924805,
    212.60905805511476,
    212.01734166259766,
    211.41774209594726,
    210.7891373703003,
    210.16697994537353,
    209.51933914337158,
    208.85551241149903,
    208.1882166442871,
    207.47904474334717,
    206.78813726959228,
    206.04023220062257,
    205.29255446014403,
    204.52220291137695,
    203.75896701507568,
    202.94861298828124,
    202.1145644668579,
    201.28711117401124,
    200.4027670074463,
    199.51683404541015,
    198.6120995437622,
    197.68792890625,
    196.74826308135985,
    195.7648704574585,
    194.76229117279053,
    193.73208239593507,
    192.6860065826416,
    191.59789995269776,
    190.4940917388916,
    189.36354558258057,
    188.20705936431884,
    187.01751363830567,
    185.7945884338379,
    184.54168418273926,
    183.25096966552735,
    181.9418619003296,
    180.5871066482544,
    179.20191462402343,
    177.78474439697266,
    176.33615195159913,
    174.8024558166504,
    173.1827240600586,
    171.45770254516603,
    169.63899248046874,
    167.69005863342286,
    165.63438536071777,
    163.4519742904663,
    161.14840554962157,
    158.6962013404846,
    156.0890952774048,
    153.3305064857483,
    150.39337750854492,
    147.2799376953125,
    143.98792173690796,
    140.47955718154907,
    136.75691338195801,
    132.54024865493776,
    127.73600455474853,
    122.29877430496215,
    116.1224124710083,
    109.1144738685608,
    101.16768218460084,
    91.45949675750732,
    79.09077003631592,
    63.33046927185059,
    40.13812724637985,
    0.04165939961373806,
    182.26227059326172
  ],