{
  "meta": {
    "horizons": [
      55
    ],
    "betas": [
      0.05,
      0.1,
      0.15,
      0.2,
      0.25,
      0.3,
      0.35
    ],
    "train_range": [
      20,
      50
    ],
    "n_eval": 1000,
    "n_eval_seeds": 5,
    "args": {
      "M": 1000,
      "n_eval": 1000,
      "n_eval_seeds": 5,
      "seed": 42,
      "device": "cuda",
      "horizons": [
        55
      ],
      "betas": [
        0.05,
        0.1,
        0.15,
        0.2,
        0.25,
        0.3,
        0.35
      ],
      "value_action_path": "../results/sweep/sweep_20260407_013555/models/stopping_value+action.pt",
      "equal_third_path": "../results/sweep/sweep_20260407_013555/models/stopping_equal_third.pt",
      "masked_dirs": [
        "../results/robust_stopping_p1",
        "../results/robust_stopping_p2",
        "../results/robust_stopping_p3"
      ],
      "out_dir": "../results/eval_horizon_p6"
    }
  },
  "dp": {
    "55": [
      0.9251165731447086,
      0.9763583218707015,
      0.9436907300694225,
      0.9791566303754375,
      0.9510284959426307
    ]
  },
  "value_action": {
    "55": {
      "cr_learned": [
        0.8577017308148264,
        0.8646406464924347,
        0.8297563410318073,
        0.8825513055207631,
        0.8309586714474428
      ],
      "cr_dp": [
        0.9251165731447086,
        0.9763583218707015,
        0.9436907300694225,
        0.9791566303754375,
        0.9510284959426307
      ]
    }
  },
  "equal_third": {
    "55": {
      "cr_learned": [
        0.7863352564609183,
        0.8394085281980743,
        0.8288034847316121,
        0.860487522882744,
        0.8292602377807133
      ],
      "cr_dp": [
        0.9251165731447086,
        0.9763583218707015,
        0.9436907300694225,
        0.9791566303754375,
        0.9510284959426307
      ],
      "cr_robust_0.05": [
        0.7757843989567691,
        0.8224295048143054,
        0.7947729025817869,
        0.860905032597874,
        0.83713908284582
      ],
      "cr_robust_0.10": [
        0.7830554018809768,
        0.8328748280605227,
        0.7765325105494806,
        0.831583004142981,
        0.8358652575957728
      ],
      "cr_robust_0.15": [
        0.8292499802418397,
        0.8328748280605227,
        0.7765325105494806,
        0.8329961139480361,
        0.8393564823551614
      ],
      "cr_robust_0.20": [
        0.8550936536789694,
        0.8158958046767538,
        0.7923227006669994,
        0.7612486752095579,
        0.8268069447065484
      ],
      "cr_robust_0.25": [
        0.8626017545246186,
        0.8648555708390646,
        0.7999909251780934,
        0.741593602466519,
        0.8381770145310435
      ],
      "cr_robust_0.30": [
        0.8842566980162806,
        0.829994841815681,
        0.8541222378510822,
        0.6573208722741433,
        0.8229382902434421
      ],
      "cr_robust_0.35": [
        0.7967280486841064,
        0.7567486244841816,
        0.8258541676119606,
        0.6478787294858208,
        0.7472164559350821
      ]
    }
  },
  "masked": {
    "55": {
      "0.05": {
        "cr_learned": [
          0.8171579862483205,
          0.845211485557084,
          0.8401923862244204,
          0.8925715386838811,
          0.8542177769390451
        ],
        "cr_dp": [
          0.9251165731447086,
          0.9763583218707015,
          0.9436907300694225,
          0.9791566303754375,
          0.9510284959426307
        ],
        "cr_robust_0.05": [
          0.7563423693985615,
          0.7905347317744154,
          0.8117428195471664,
          0.8498249670809649,
          0.7926023778071334
        ]
      },
      "0.10": {
        "cr_learned": [
          0.8115466687742037,
          0.7539116231086658,
          0.9040337583374927,
          0.8559912644121143,
          0.7478769579165879
        ],
        "cr_dp": [
          0.9251165731447086,
          0.9763583218707015,
          0.9436907300694225,
          0.9791566303754375,
          0.9510284959426307
        ],
        "cr_robust_0.10": [
          0.7440132774836006,
          0.751203576341128,
          0.730160170606652,
          0.7554035391977391,
          0.738110964332893
        ]
      },
      "0.15": {
        "cr_learned": [
          0.7579230222081719,
          0.8188187757909217,
          0.7276645945823313,
          0.780646818897132,
          0.7344310247216456
        ],
        "cr_dp": [
          0.9251165731447086,
          0.9763583218707015,
          0.9436907300694225,
          0.9791566303754375,
          0.9510284959426307
        ],
        "cr_robust_0.15": [
          0.7818303959535288,
          0.796208734525447,
          0.755978038930986,
          0.7762790249542345,
          0.7716078505378373
        ]
      },
      "0.20": {
        "cr_learned": [
          0.8328854817039437,
          0.8232462173314994,
          0.907754435319207,
          0.8499534316086971,
          0.8352991130401962
        ],
        "cr_dp": [
          0.9251165731447086,
          0.9763583218707015,
          0.9436907300694225,
          0.9791566303754375,
          0.9510284959426307
        ],
        "cr_robust_0.20": [
          0.8268790010274243,
          0.7730398899587345,
          0.8654203911248242,
          0.7184378713427755,
          0.7764672579732025
        ]
      },
      "0.25": {
        "cr_learned": [
          0.8074369714692167,
          0.8634370701513068,
          0.8546213530559463,
          0.8992195779940265,
          0.8824306472919419
        ],
        "cr_dp": [
          0.9251165731447086,
          0.9763583218707015,
          0.9436907300694225,
          0.9791566303754375,
          0.9510284959426307
        ],
        "cr_robust_0.25": [
          0.7299059511578281,
          0.8182599724896837,
          0.8331140251372567,
          0.7453190737707551,
          0.843979996225703
        ]
      },
      "0.30": {
        "cr_learned": [
          0.8787639295028846,
          0.8345512379642367,
          0.8220427424111802,
          0.863667019944118,
          0.8595961502170221
        ],
        "cr_dp": [
          0.9251165731447086,
          0.9763583218707015,
          0.9436907300694225,
          0.9791566303754375,
          0.9510284959426307
        ],
        "cr_robust_0.30": [
          0.8839010511341183,
          0.797412310866575,
          0.8879713235627752,
          0.6625879179111668,
          0.7893470466125684
        ]
      },
      "0.35": {
        "cr_learned": [
          0.8146684580731841,
          0.7960367950481432,
          0.8029856164072781,
          0.7962873751485371,
          0.7908567654274391
        ],
        "cr_dp": [
          0.9251165731447086,
          0.9763583218707015,
          0.9436907300694225,
          0.9791566303754375,
          0.9510284959426307
        ],
        "cr_robust_0.35": [
          0.7354777523117046,
          0.7210711829436038,
          0.8750397023458415,
          0.6494524199505413,
          0.7136252123042083
        ]
      }
    }
  }
}