{
  "run_name": "D_2_cv",
  "head": "cv",
  "test_regime": "D_1",
  "R": 0.46193087272256306,
  "R_star": 2.653138445625865,
  "R_over_R_star": 0.17410733822960958,
  "agreement": {
    "oracle": 0.9801149019607843,
    "plug_in": 0.9803078431372549,
    "prior_only": 0.5815196078431373,
    "MAP_sigma": 0.9803137254901961,
    "MLE_sigma": 0.9806858823529412,
    "secretary": 0.9915674509803921,
    "myopic": 0.5022486274509804
  },
  "trajectory_mean": [
    26.044748469805718,
    26.05729193139076,
    26.05787929033041,
    26.06184304677248,
    26.055408006602526,
    26.049025915789603,
    26.04631900501847,
    26.033470226460697,
    26.026594764345884,
    26.019928900057078,
    26.013885345715284,
    26.002115919685362,
    25.998124578374625,
    25.983957733017206,
    25.971617920553683,
    25.964378278923036,
    25.951247364383935,
    25.951538775396347,
    25.933792298066617,
    25.91452874190807,
    25.91473835620284,
    25.900471873044967,
    25.89328841294646,
    25.882368025386334,
    25.86055905032158,
    25.850407530885935,
    25.843517090302704,
    25.82583928192258,
    25.82028954409957,
    25.801634302353857,
    25.793613381046057,
    25.778224253207444,
    25.774405579400064,
    25.750367101252078,
    25.739233195644616,
    25.720594419658184,
    25.706784864252807,
    25.688143472379448,
    25.677290900057553,
    25.667612684839963,
    25.652487557423115,
    25.63190301530957,
    25.619323981702326,
    25.599023989987373,
    25.589718975770474,
    25.571724827992917,
    25.548519926643372,
    25.534545973056556,
    25.51995039870739,
    25.504894663912058,
    25.483976022344827,
    25.472097689253093,
    25.46639236677289,
    25.437758495265246,
    25.426734119403363,
    25.396288788938524,
    25.398842144441605,
    25.375324241685867,
    25.35260980516076,
    25.338675150096417,
    25.320954722416403,
    25.307099692553283,
    25.295417198747398,
    25.256632115870715,
    25.23573550390601,
    25.220443111348153,
    25.208551228153706,
    25.191385006719827,
    25.178830311310293,
    25.156455419284104,
    25.13335058296919,
    25.11658987518549,
    25.09282443932295,
    25.067859328365326,
    25.05025588556528,
    25.033859562665224,
    25.027773465943337,
    24.99246881377697,
    24.975110895377398,
    24.952211747860908,
    24.931305045175552,
    24.918586773699523,
    24.894525880748034,
    24.8792096875906,
    24.8571433126688,
    24.830215420049427,
    24.815882714021207,
    24.792301236230134,
    24.75594667643905,
    24.73925186881423,
    24.71122069108486,
    24.69717217131853,
    24.677799458026886,
    24.65338398062587,
    24.640837866693737,
    24.605199899357558,
    24.585965849876406,
    24.562075575581193,
    24.54301731657386,
    24.522394230890274,
    24.50096867366433,
    24.463206881958246,
    24.43897037001848,
    24.423067215412853,
    24.392968013876676,
    24.38363977932334,
    24.35179322421551,
    24.336014978712797,
    24.298158291852474,
    24.26974411904812,
    24.256314202654362,
    24.21729837784171,
    24.190802836191654,
    24.17788246461749,
    24.166435649749637,
    24.137606423580646,
    24.095915420514345,
    24.081462245315315,
    24.051669945168495,
    24.0260506501317,
    23.98945921089053,
    23.978470865476133,
    23.948572563010455,
    23.93010993554592,
    23.89239433076978,
    23.855641161048414,
    23.842772343933582,
    23.819228468936682,
    23.786355566844342,
    23.76295825508833,
    23.723786746907233,
    23.68695743485093,
    23.65909018035531,
    23.63207558564544,
    23.61032239356041,
    23.574860032498837,
    23.55512750014663,
    23.52544681033492,
    23.495142655795814,
    23.462830896389484,
    23.42304232516289,
    23.407277594822645,
    23.37625171094537,
    23.325471458792688,
    23.28941808670759,
    23.26646996998191,
    23.229402209997176,
    23.196916242921354,
    23.173921167844533,
    23.14236992072165,
    23.10652524035573,
    23.048798918241264,
    23.02514579127431,
    22.984191730183362,
    22.939541510903837,
    22.908310524195432,
    22.882341836577655,
    22.82213949007392,
    22.797604920595884,
    22.76295956685245,
    22.71208819437027,
    22.6731115013659,
    22.62836967664957,
    22.591853878968955,
    22.53996599730551,
    22.51069101768136,
    22.465988000369073,
    22.423891245824098,
    22.364876209026576,
    22.333048619192837,
    22.27311603807807,
    22.228149175310136,
    22.18338052509427,
    22.13770353024006,
    22.08845523722172,
    22.05187833776474,
    22.000906767426432,
    21.93687120716572,
    21.886022111082077,
    21.835018587580322,
    21.774058459174633,
    21.71914495205879,
    21.67190012578964,
    21.632997986614704,
    21.578889569330215,
    21.50989508188367,
    21.468615048530697,
    21.4095248829633,
    21.36755770019591,
    21.283058697640897,
    21.22731168744862,
    21.165794277875126,
    21.10574975108206,
    21.03202140418589,
    20.978347581592203,
    20.910525172403453,
    20.83629471105933,
    20.785220432165264,
    20.71797375523448,
    20.65345610153377,
    20.582630299124123,
    20.495982876217365,
    20.415805444958806,
    20.3352744090274,
    20.247224649074674,
    20.174015655629336,
    20.09678311137259,
    20.0021666974023,
    19.919347591379285,
    19.845045834338666,
    19.728076736283302,
    19.629919579827785,
    19.53828871324062,
    19.441776270362734,
    19.3539257399559,
    19.22912464387417,
    19.127143175946177,
    19.025509820976854,
    18.89993235054612,
    18.78300569885373,
    18.654415879434346,
    18.512379186972975,
    18.414709607847033,
    18.24785150305629,
    18.15279925980866,
    17.986098637494443,
    17.85656392493993,
    17.699097832493486,
    17.54177745631933,
    17.34935610831976,
    17.201848156566918,
    16.993751116009058,
    16.810514349116385,
    16.626841397479176,
    16.393468287661673,
    16.164502003997566,
    15.909978523647785,
    15.685367276126147,
    15.406651716548204,
    15.118125462567805,
    14.810871990430355,
    14.500463639208675,
    14.119005033618212,
    13.70005833619237,
    13.271541838097573,
    12.825454718321561,
    12.279174102276563,
    11.6827463362813,
    10.98420187047422,
    10.179806773424149,
    9.189273492848873,
    7.983878309261799,
    6.347238801908493,
    4.081506732457876,
    0.04334578939676285,
    13.042069461341201
  ],