{
  "run_name": "D_2_cv",
  "head": "cv",
  "test_regime": "D_2",
  "R": 26.12420416158596,
  "R_star": 26.121706216384645,
  "R_over_R_star": 1.000095627183792,
  "agreement": {
    "oracle": 0.9999749019607843,
    "plug_in": 0.9996729411764705,
    "prior_only": 0.942758431372549,
    "MAP_sigma": 0.9996674509803921,
    "MLE_sigma": 0.9964290196078431,
    "secretary": 0.9815360784313726,
    "myopic": 0.5217882352941177
  },
  "trajectory_mean": [
    26.099259556043148,
    26.121278953021765,
    26.049882208037378,
    26.07900442528725,
    26.088483938986062,
    26.09020559977889,
    26.093474781626462,
    26.078260525321962,
    26.08382329801321,
    26.080476556378603,
    26.068600539761782,
    26.071703261744975,
    26.059267821764944,
    26.037230680227278,
    26.025639842814208,
    26.00745806928873,
    25.99150807930231,
    25.97582003376186,
    25.96326605399847,
    25.959700116342304,
    25.94498377172947,
    25.930023985776305,
    25.918161155343057,
    25.911095317685604,
    25.900054489913583,
    25.885474662578105,
    25.874977882379294,
    25.855277668046952,
    25.846146657782793,
    25.83644408274889,
    25.82273594273329,
    25.80529600610137,
    25.792160993105174,
    25.7755821354568,
    25.762893308126927,
    25.74634895555377,
    25.734377567374707,
    25.722938349229096,
    25.71007498745024,
    25.69421132249236,
    25.67698002153039,
    25.6593297991097,
    25.647643701553346,
    25.63168406071067,
    25.616352168169616,
    25.59936636520624,
    25.582072371304037,
    25.56663309867978,
    25.55342219801545,
    25.538208484879135,
    25.52206198942959,
    25.506040436384083,
    25.48695098977983,
    25.46885041308403,
    25.451409696644543,
    25.436330706453322,
    25.41910052781403,
    25.403972129040955,
    25.38469679183662,
    25.365701355987788,
    25.345864830642938,
    25.32685433256924,
    25.30740502694249,
    25.28989926624298,
    25.272300032752753,
    25.251350560098885,
    25.233948734790086,
    25.215038246512414,
    25.195375246399642,
    25.176769632697106,
    25.15965050638318,
    25.14090330721736,
    25.122741185733677,
    25.102141278982163,
    25.083295234772564,
    25.066862757205964,
    25.046235490167142,
    25.026418486297132,
    25.00838575195074,
    24.987336665689945,
    24.964160396432877,
    24.94406065170169,
    24.922320030683277,
    24.89996995382905,
    24.878921218177677,
    24.859513791128993,
    24.83767984536886,
    24.816102721846104,
    24.7961585616529,
    24.77305334877968,
    24.750518891867994,
    24.729515081715583,
    24.709581190538405,
    24.685976212745906,
    24.66303635200262,
    24.639055572491884,
    24.613388359791042,
    24.59328399719298,
    24.570094605478644,
    24.54861532290578,
    24.525743775063752,
    24.501677424550056,
    24.478467566919328,
    24.457318105617166,
    24.433394575977324,
    24.408124059060217,
    24.382692986673117,
    24.359092639672756,
    24.33448801653981,
    24.31111119019389,
    24.287078555306792,
    24.26236658537388,
    24.236895353895427,
    24.212167420974374,
    24.187098987567424,
    24.160965715509654,
    24.134596528667213,
    24.108025435742736,
    24.080280225875974,
    24.053303424203396,
    24.027641404670476,
    24.000982891833782,
    23.974679584681986,
    23.94817042005062,
    23.920899858629703,
    23.893912853777408,
    23.86636534155011,
    23.837851382523777,
    23.809549187096952,
    23.781892314121126,
    23.754540149605273,
    23.726907690927387,
    23.69881945543885,
    23.670937901070715,
    23.643280977112056,
    23.61566218508184,
    23.58623790487051,
    23.555858430963756,
    23.525525206434725,
    23.49479401038587,
    23.463683643820882,
    23.43192515974641,
    23.399346460586788,
    23.367901795202492,
    23.335832852226496,
    23.303177306836844,
    23.269135508850216,
    23.236114514744283,
    23.20179958668351,
    23.165709188726545,
    23.13121327306032,
    23.09601291923523,
    23.059806385833024,
    23.022877631253003,
    22.985088876652718,
    22.947878243097662,
    22.908993914037943,
    22.87052132663131,
    22.83222539085746,
    22.79188196460605,
    22.752589091682434,
    22.71095658714175,
    22.671004012843966,
    22.62896335659921,
    22.58637099841237,
    22.543184715826808,
    22.499465091478825,
    22.455082369959353,
    22.410279347644746,
    22.364155931562184,
    22.318306015241145,
    22.271526076370478,
    22.222880601811408,
    22.175246862441302,
    22.126708146372437,
    22.07647081334889,
    22.026293439428507,
    21.975214692300558,
    21.9243515281111,
    21.87144949350208,
    21.818709218478205,
    21.763700183364747,
    21.70970003440976,
    21.654729846173524,
    21.599290214279293,
    21.543344979974627,
    21.487000780911742,
    21.428878703851996,
    21.370546313236655,
    21.311172786802054,
    21.251303688585757,
    21.19035549722761,
    21.129146077798307,
    21.067826679608224,
    21.004063316890598,
    20.939628275254368,
    20.874939355394243,
    20.808598398143054,
    20.74159433707148,
    20.671467964151503,
    20.60033118007034,
    20.52648142210543,
    20.450477899301053,
    20.37199510011971,
    20.291825838056205,
    20.209827349938454,
    20.125821743765474,
    20.03915504205078,
    19.950908659735322,
    19.860609161889553,
    19.767062297014892,
    19.671076672369242,
    19.571866482898592,
    19.47122584589273,
    19.368361087363958,
    19.261834196078777,
    19.15291396357864,
    19.04108078290373,
    18.926654311832785,
    18.808581382738055,
    18.687668578344585,
    18.563068895554544,
    18.435466983672978,
    18.304346846163273,
    18.168909557417035,
    18.029196359357236,
    17.883097736875712,
    17.72890578543693,
    17.56701614353806,
    17.397592319220305,
    17.22004306849688,
    17.033170070001482,
    16.837149097760022,
    16.63069607770592,
    16.41527230477333,
    16.188051512913407,
    15.949137947294115,
    15.69931175109744,
    15.436974982503056,
    15.15455844091922,
    14.847507234828175,
    14.512691420696676,
    14.146808322991431,
    13.749057002878189,
    13.315854075075686,
    12.843370892757177,
    12.316007063277066,
    11.707931903976203,
    11.006080231201649,
    10.196486706788837,
    9.217121621862054,
    7.989643773877621,
    6.3819139486089345,
    4.0982451993018385,
    0.10417420935928821,
    13.095484405486285
  ],