{
  "run_name": "D_2_cv",
  "head": "cv",
  "test_regime": "D_3",
  "R": 95.06472849572599,
  "R_star": 262.88317366788937,
  "R_over_R_star": 0.36162348152348844,
  "agreement": {
    "oracle": 0.6080854901960784,
    "plug_in": 0.6076662745098039,
    "prior_only": 0.6085462745098039,
    "MAP_sigma": 0.6076690196078431,
    "MLE_sigma": 0.6071149019607843,
    "secretary": 0.5927050980392157,
    "myopic": 0.9132223529411765
  },
  "trajectory_mean": [
    22.811034563060105,
    21.078861948874593,
    21.05622746306062,
    20.110592712061106,
    20.777598612992467,
    20.730710385109486,
    20.647472926574945,
    20.386655404634773,
    20.124038007338346,
    18.959106542751194,
    20.145825797730684,
    20.029710183188318,
    19.94637230759412,
    19.353831291812657,
    20.577989452862738,
    19.627543664839862,
    20.224754794824122,
    20.4534831888631,
    20.725498645366727,
    20.05631424061209,
    19.835589534792305,
    20.767167870408297,
    20.862751901286842,
    20.51108879185319,
    20.18599518357515,
    19.94784603047967,
    19.760951235172154,
    20.377080675569175,
    20.19395651217699,
    20.40057619728148,
    20.293097299420833,
    20.823362214678525,
    20.808184459337593,
    20.654319904270768,
    20.4389824371323,
    20.283231327036024,
    18.333017019078135,
    19.398686393296718,
    19.74160200894028,
    20.174253224182127,
    20.232063052010535,
    19.640073239544034,
    20.077767941516637,
    19.589873837298153,
    21.52414156614244,
    20.685416635242106,
    19.26673046040684,
    19.799866092914343,
    19.739301190951466,
    19.98255852022469,
    19.735422906777263,
    18.943821721553803,
    20.217321608912943,
    19.14796984397471,
    21.107245427682997,
    19.84095639781058,
    19.674975965252518,
    20.310743125516176,
    20.204896751071512,
    20.677668080317975,
    19.927210808610916,
    20.270301279635728,
    20.02969722639322,
    20.300288922959567,
    20.42485823535621,
    19.584301172301174,
    19.9798855877161,
    19.395789214134215,
    19.047738558351995,
    19.47121445262134,
    18.974319567346573,
    19.39317323961556,
    19.264409413248302,
    19.451588790149987,
    18.761249456652997,
    19.397721429196,
    19.361035645872356,
    17.957740427064895,
    20.239395194616915,
    18.74275819118023,
    19.692512802687286,
    19.242124265140294,
    19.437690942421554,
    19.145632111629844,
    19.61608031150997,
    19.640461940312385,
    18.251306758397817,
    19.273657985372843,
    17.702667656576633,
    19.133417303279042,
    19.443995980614424,
    19.46407248470783,
    18.539552387070657,
    19.00009427508712,
    19.58306225017905,
    18.24715445777476,
    19.320324780270457,
    19.554486282485723,
    19.17043769620657,
    19.635241561457516,
    18.921843228793144,
    19.56880992796421,
    19.69108377469778,
    19.1645805880785,
    19.324351449966432,
    19.344253298825027,
    19.29045631762743,
    18.87011771322489,
    18.13842484408617,
    18.605162318837642,
    18.744526052042843,
    19.27954941530824,
    18.318227063778043,
    18.97599066229761,
    18.826254857625067,
    19.285174489569663,
    19.664926586931944,
    17.92269800260961,
    18.687119977730514,
    19.669317197149994,
    17.7363868307665,
    19.045868083417414,
    20.10306862103343,
    19.212379950100182,
    19.034600860482453,
    18.523616484683753,
    18.421811421108245,
    18.980493173633516,
    19.166654375498,
    18.29544595796764,
    18.609784829616547,
    18.652397197157146,
    18.16132103125453,
    18.445979286292197,
    17.012095921009777,
    18.464485229535402,
    17.575450452631713,
    19.34751019180119,
    19.16105648355484,
    17.665952380114796,
    18.513892243912817,
    19.05552290003896,
    17.947254717206956,
    18.89235444972515,
    18.798398257899283,
    18.55013635855317,
    17.892855113457145,
    18.58731089030504,
    17.451987709486485,
    18.33702545570284,
    18.36780026857853,
    17.63886885252595,
    17.355668354940413,
    16.875355510568617,
    18.500530316391586,
    17.85783162418604,
    18.816178024315835,
    17.1929870742023,
    17.50761001959145,
    17.214167128917573,
    18.55568958556652,
    16.953741744041444,
    17.24411933321357,
    17.270059618398548,
    18.37848389005512,
    16.949517157328128,
    17.280584676808118,
    16.9814021684587,
    17.24532357881814,
    17.96090886493027,
    17.0122055046618,
    17.3634884711802,
    17.116271029272674,
    18.14794863022566,
    18.742195050466062,
    16.395621407562494,
    18.072143498402834,
    16.942771721076966,
    15.916747157531976,
    16.93951793541014,
    17.180438906368614,
    17.180798811757565,
    18.198753634804486,
    16.112505634465812,
    16.868787623246014,
    16.598098647919297,
    16.45317375264168,
    17.124964093968273,
    16.06370726863593,
    16.545262861573697,
    16.5954388180539,
    16.707747048385443,
    17.710155850829185,
    17.272422905878724,
    16.1083805250749,
    14.110561149691046,
    15.574849140137434,
    16.676799670946597,
    16.721965676733852,
    17.116505089905857,
    16.05099572212696,
    17.00916000111103,
    16.567428024578096,
    17.34434755590856,
    16.429832961916922,
    16.014222509740293,
    16.12846004305035,
    15.27438781157136,
    15.419140513035655,
    14.354622776693105,
    15.724881645527482,
    14.56743985784352,
    15.554066789492964,
    14.208554536379873,
    15.922711115092039,
    14.285726371611656,
    15.215420371595025,
    14.98882780535221,
    15.126314855347573,
    15.547274255256355,
    15.103472446724773,
    14.613628495769202,
    13.863299260805547,
    14.565511730489135,
    15.384685515953601,
    14.635144115753471,
    14.737367812153696,
    14.512948193873465,
    13.539411458575726,
    13.756518299993873,
    13.794338957996667,
    13.42877728229314,
    13.149417344756424,
    13.808341201563179,
    14.297923433919252,
    12.536901716627181,
    11.60524333511442,
    11.976371164384485,
    12.31286737808287,
    12.118933993697166,
    11.167425723485648,
    11.729969553123414,
    12.300960478517412,
    10.799860381664336,
    10.973001206745208,
    11.263174555730819,
    9.692909284998477,
    9.55846695792228,
    9.752040896882116,
    7.669542647229135,
    7.42091336427778,
    7.559080429415404,
    4.859679628182947,
    3.152752559798956,
    -0.0189005568921566,
    12.39615080973953
  ],