{
  "run_name": "D_3_act",
  "head": "act",
  "test_regime": "D_1",
  "R": 0.0446687283442566,
  "R_star": 2.653138445625865,
  "R_over_R_star": 0.0168361844885631,
  "agreement": {
    "oracle": 0.9782572549019608,
    "plug_in": 0.9784501960784314,
    "prior_only": 0.5810698039215686,
    "MAP_sigma": 0.9784560784313725,
    "MLE_sigma": 0.9788274509803921,
    "secretary": 0.9927192156862745,
    "myopic": 0.5004576470588236
  },
  "trajectory_mean": null,
  "trajectory_std": null,
  "wall_model_forward_s": 1.6755129154771566
}