{
  "run_name": "D_3_act",
  "head": "act",
  "test_regime": "D_2",
  "R": 3.229245246163871,
  "R_star": 26.121706216384645,
  "R_over_R_star": 0.12362305966592455,
  "agreement": {
    "oracle": 0.978136862745098,
    "plug_in": 0.9783517647058824,
    "prior_only": 0.9342623529411764,
    "MAP_sigma": 0.9783509803921568,
    "MLE_sigma": 0.9788411764705882,
    "secretary": 0.9870737254901961,
    "myopic": 0.5011250980392157
  },
  "trajectory_mean": null,
  "trajectory_std": null,
  "wall_model_forward_s": 1.6615702640265226
}