{
  "run_name": "D_3_act",
  "head": "act",
  "test_regime": "D_3",
  "R": 262.81293221711366,
  "R_star": 262.88317366788937,
  "R_over_R_star": 0.9997328035499737,
  "agreement": {
    "oracle": 0.9997556862745098,
    "plug_in": 0.9981160784313725,
    "prior_only": 0.9973576470588236,
    "MAP_sigma": 0.9981125490196079,
    "MLE_sigma": 0.9958627450980392,
    "secretary": 0.981427843137255,
    "myopic": 0.5218266666666667
  },
  "trajectory_mean": null,
  "trajectory_std": null,
  "wall_model_forward_s": 1.650389775633812
}