{
  "overall": {
    "model": 0.4561363756656647,
    "LRU": 0.5769981481481481,
    "LFU": 0.3166949074074074,
    "ARC": 0.6262997685185185
  },
  "per_dominating_family": {
    "LRU": {
      "n": 100,
      "model": 0.3055028021335602,
      "LRU": 0.731576388888889,
      "LFU": 0.08813194444444447,
      "ARC": 0.68843125
    },
    "LFU": {
      "n": 100,
      "model": 0.5532569289207458,
      "LRU": 0.46540208333333327,
      "LFU": 0.5898097222222222,
      "ARC": 0.5471208333333333
    },
    "ARC": {
      "n": 100,
      "model": 0.5096492767333984,
      "LRU": 0.5340159722222222,
      "LFU": 0.27214305555555557,
      "ARC": 0.6433472222222223
    }
  },
  "warmup_frac": 0.1,
  "rollout_seconds": 635.6454303264618
}