{
  "meta": {
    "horizons": [
      85
    ],
    "betas": [
      0.05,
      0.1,
      0.15,
      0.2,
      0.25,
      0.3,
      0.35
    ],
    "train_range": [
      20,
      50
    ],
    "n_eval": 1000,
    "n_eval_seeds": 5,
    "args": {
      "M": 1000,
      "n_eval": 1000,
      "n_eval_seeds": 5,
      "seed": 42,
      "device": "cuda",
      "horizons": [
        85
      ],
      "betas": [
        0.05,
        0.1,
        0.15,
        0.2,
        0.25,
        0.3,
        0.35
      ],
      "value_action_path": "../results/sweep/sweep_20260407_013555/models/stopping_value+action.pt",
      "equal_third_path": "../results/sweep/sweep_20260407_013555/models/stopping_equal_third.pt",
      "masked_dirs": [
        "../results/robust_stopping_p1",
        "../results/robust_stopping_p2",
        "../results/robust_stopping_p3"
      ],
      "out_dir": "../results/eval_horizon_p8"
    }
  },
  "dp": {
    "85": [
      0.9695838311429709,
      0.9716754368868966,
      0.9690411634212471,
      0.9294591484464902,
      0.9516481515206702
    ]
  },
  "value_action": {
    "85": {
      "cr_learned": [
        0.7796196734368777,
        0.7658026375625285,
        0.8352970175006161,
        0.8493095512082854,
        0.8054543798943726
      ],
      "cr_dp": [
        0.9695838311429709,
        0.9716754368868966,
        0.9690411634212471,
        0.9294591484464902,
        0.9516481515206702
      ]
    }
  },
  "equal_third": {
    "85": {
      "cr_learned": [
        0.7956491437674234,
        0.7572273111154422,
        0.7886122750801084,
        0.733716915995397,
        0.7546439628482973
      ],
      "cr_dp": [
        0.9695838311429709,
        0.9716754368868966,
        0.9690411634212471,
        0.9294591484464902,
        0.9516481515206702
      ],
      "cr_robust_0.05": [
        0.7243130227001194,
        0.8132267913986877,
        0.8202119792950456,
        0.7716915995397009,
        0.8138317246403205
      ],
      "cr_robust_0.10": [
        0.7114197530864197,
        0.8132267913986877,
        0.8202119792950456,
        0.7409666283084005,
        0.8091422327444909
      ],
      "cr_robust_0.15": [
        0.6893667861409797,
        0.7567075943610733,
        0.8324870594035001,
        0.7180092059838896,
        0.813057730832271
      ],
      "cr_robust_0.20": [
        0.6898148148148148,
        0.7472227635938414,
        0.8331772245501602,
        0.7172612197928655,
        0.8308140593698781
      ],
      "cr_robust_0.25": [
        0.704400637196336,
        0.7569024881439617,
        0.7123983238846439,
        0.7311852704257767,
        0.8251684574758696
      ],
      "cr_robust_0.30": [
        0.6708482676224611,
        0.7318261547456637,
        0.6531427162928273,
        0.7502876869965478,
        0.7643871790202149
      ],
      "cr_robust_0.35": [
        0.7328255675029869,
        0.7630741246020919,
        0.566083312792704,
        0.7075373993095513,
        0.7612456747404844
      ]
    }
  },
  "masked": {
    "85": {
      "0.05": {
        "cr_learned": [
          0.8456790123456789,
          0.8435002923406744,
          0.8198175992112399,
          0.8185845799769851,
          0.8746130030959752
        ],
        "cr_dp": [
          0.9695838311429709,
          0.9716754368868966,
          0.9690411634212471,
          0.9294591484464902,
          0.9516481515206702
        ],
        "cr_robust_0.05": [
          0.6757268020708881,
          0.8331709218475931,
          0.777569632733547,
          0.7379746835443038,
          0.7969404480058278
        ]
      },
      "0.10": {
        "cr_learned": [
          0.7298884906411788,
          0.7400116936269734,
          0.7663298003450826,
          0.7044303797468354,
          0.7457202695319614
        ],
        "cr_dp": [
          0.9695838311429709,
          0.9716754368868966,
          0.9690411634212471,
          0.9294591484464902,
          0.9516481515206702
        ],
        "cr_robust_0.10": [
          0.7799183592194345,
          0.7875008120574287,
          0.8059649987675621,
          0.7389528193325663,
          0.8226643598615917
        ]
      },
      "0.15": {
        "cr_learned": [
          0.711121067303863,
          0.7033716624439681,
          0.7535617451318709,
          0.7022439585730725,
          0.649608450191222
        ],
        "cr_dp": [
          0.9695838311429709,
          0.9716754368868966,
          0.9690411634212471,
          0.9294591484464902,
          0.9516481515206702
        ],
        "cr_robust_0.15": [
          0.7365093588211867,
          0.7797700253361918,
          0.7866896721715553,
          0.7526467203682394,
          0.8416044436350392
        ]
      },
      "0.20": {
        "cr_learned": [
          0.8068498606133014,
          0.7917235106866758,
          0.7765836825240326,
          0.8065592635212888,
          0.7789564742305591
        ],
        "cr_dp": [
          0.9695838311429709,
          0.9716754368868966,
          0.9690411634212471,
          0.9294591484464902,
          0.9516481515206702
        ],
        "cr_robust_0.20": [
          0.7772799681401831,
          0.7914636523094914,
          0.8106482622627558,
          0.8146720368239356,
          0.8000819522855582
        ]
      },
      "0.25": {
        "cr_learned": [
          0.8523994424532059,
          0.837263691288248,
          0.8654177964012817,
          0.8494821634062142,
          0.8904115825896922
        ],
        "cr_dp": [
          0.9695838311429709,
          0.9716754368868966,
          0.9690411634212471,
          0.9294591484464902,
          0.9516481515206702
        ],
        "cr_robust_0.25": [
          0.7028076463560334,
          0.7259143766647178,
          0.6358885876263249,
          0.7790563866513234,
          0.7322892005099254
        ]
      },
      "0.30": {
        "cr_learned": [
          0.8955097570688967,
          0.8166699148963815,
          0.846290362336702,
          0.8963176064441889,
          0.8954653068657804
        ],
        "cr_dp": [
          0.9695838311429709,
          0.9716754368868966,
          0.9690411634212471,
          0.9294591484464902,
          0.9516481515206702
        ],
        "cr_robust_0.30": [
          0.7488550378335325,
          0.7183135191320731,
          0.6928272122257827,
          0.8414844649021865,
          0.73825350573666
        ]
      },
      "0.35": {
        "cr_learned": [
          0.7854938271604938,
          0.7901643604235692,
          0.7591816613261031,
          0.7525891829689298,
          0.7557821890366053
        ],
        "cr_dp": [
          0.9695838311429709,
          0.9716754368868966,
          0.9690411634212471,
          0.9294591484464902,
          0.9516481515206702
        ],
        "cr_robust_0.35": [
          0.8467244125846276,
          0.7515104268173846,
          0.711658861227508,
          0.779746835443038,
          0.8544891640866874
        ]
      }
    }
  }
}