{
  "run_name": "D_disc_act",
  "head": "act",
  "test_regime": "D_1",
  "R": 2.6515498932204444,
  "R_star": 2.653138445625865,
  "R_over_R_star": 0.999401255366813,
  "agreement": {
    "oracle": 0.9998650980392156,
    "plug_in": 0.9997349019607843,
    "prior_only": 0.5823890196078432,
    "MAP_sigma": 0.9997407843137255,
    "MLE_sigma": 0.9965733333333333,
    "secretary": 0.9816729411764706,
    "myopic": 0.5220866666666667
  },
  "trajectory_mean": null,
  "trajectory_std": null,
  "wall_model_forward_s": 1.6769437287002802
}