{
  "run_name": "D_disc_act",
  "head": "act",
  "test_regime": "D_2",
  "R": 26.09076733781938,
  "R_star": 26.121706216384645,
  "R_over_R_star": 0.9988155873774486,
  "agreement": {
    "oracle": 0.9997937254901961,
    "plug_in": 0.9996125490196078,
    "prior_only": 0.9427403921568628,
    "MAP_sigma": 0.9996117647058823,
    "MLE_sigma": 0.996443137254902,
    "secretary": 0.9815760784313725,
    "myopic": 0.5217380392156863
  },
  "trajectory_mean": null,
  "trajectory_std": null,
  "wall_model_forward_s": 1.6735120695084333
}