{
  "run_name": "D_disc_act",
  "head": "act",
  "test_regime": "D_3",
  "R": 262.7446606448769,
  "R_star": 262.88317366788937,
  "R_over_R_star": 0.9994731004610152,
  "agreement": {
    "oracle": 0.9994827450980392,
    "plug_in": 0.9980701960784314,
    "prior_only": 0.9973007843137255,
    "MAP_sigma": 0.9980666666666667,
    "MLE_sigma": 0.99586,
    "secretary": 0.9814376470588235,
    "myopic": 0.5218254901960784
  },
  "trajectory_mean": null,
  "trajectory_std": null,
  "wall_model_forward_s": 1.661352563649416
}